currency,month,usd_per_unit
BRL,1995-01,1.181893393
BRL,1995-02,1.188777936
BRL,1995-03,1.122964627
BRL,1995-04,1.102049813
BRL,1995-05,1.114206128
BRL,1995-06,1.094451133
BRL,1995-07,1.076658053
BRL,1995-08,1.062360565
BRL,1995-09,1.050530518
BRL,1995-10,1.04242677
BRL,1995-11,1.038421599
BRL,1995-12,1.033484911
BRL,1996-01,1.026167265
BRL,1996-02,1.019367992
BRL,1996-03,1.013993105
BRL,1996-04,1.010305112
BRL,1996-05,1.005025126
BRL,1996-06,0.9987016878
BRL,1996-07,0.9931472837
BRL,1996-08,0.9855129595
BRL,1996-09,0.9809691976
BRL,1996-10,0.9752291789
BRL,1996-11,0.9704968944
BRL,1996-12,0.9641342075
BRL,1997-01,0.95914061
BRL,1997-02,0.9534706331
BRL,1997-03,0.9460737938
BRL,1997-04,0.9425070688
BRL,1997-05,0.936329588
BRL,1997-06,0.93057882
BRL,1997-07,0.9254974549
BRL,1997-08,0.9192021325
BRL,1997-09,0.9144947417
BRL,1997-10,0.9091735612
BRL,1997-11,0.9031791908
BRL,1997-12,0.8979885057
BRL,1998-01,0.8929368694
BRL,1998-02,0.8870753127
BRL,1998-03,0.8823010411
BRL,1998-04,0.876501008
BRL,1998-05,0.871459695
BRL,1998-06,0.8663259118
BRL,1998-07,0.8610297916
BRL,1998-08,0.8534607835
BRL,1998-09,0.847098687
BRL,1998-10,0.8411136345
BRL,1998-11,0.8380824673
BRL,1998-12,0.8297378029
BRL,1999-01,0.6613756614
BRL,1999-02,0.519183843
BRL,1999-03,0.5247415648
BRL,1999-04,0.5873715125
BRL,1999-05,0.5933661663
BRL,1999-06,0.565962986
BRL,1999-07,0.5548465849
BRL,1999-08,0.5302508086
BRL,1999-09,0.5266761468
BRL,1999-10,0.5079236083
BRL,1999-11,0.5177591384
BRL,1999-12,0.5422405379
BRL,2000-01,0.5538018497
BRL,2000-02,0.5629045877
BRL,2000-03,0.5739210285
BRL,2000-04,0.5650994575
BRL,2000-05,0.5471058103
BRL,2000-06,0.5525167136
BRL,2000-07,0.5561116672
BRL,2000-08,0.5527610414
BRL,2000-09,0.5435668859
BRL,2000-10,0.5315473343
BRL,2000-11,0.5132679772
BRL,2000-12,0.5093724531
BRL,2001-01,0.5112213077
BRL,2001-02,0.4985044865
BRL,2001-03,0.4772130756
BRL,2001-04,0.4559131941
BRL,2001-05,0.4361859897
BRL,2001-06,0.4203800235
BRL,2001-07,0.4043508148
BRL,2001-08,0.3980574795
BRL,2001-09,0.3735943513
BRL,2001-10,0.3648569761
BRL,2001-11,0.3924492759
BRL,2001-12,0.4231013328
BRL,2002-01,0.4201857221
BRL,2002-02,0.4125072189
BRL,2002-03,0.4264392324
BRL,2002-04,0.4305334309
BRL,2002-05,0.4039914354
BRL,2002-06,0.3684055408
BRL,2002-07,0.339974162
BRL,2002-08,0.3217296184
BRL,2002-09,0.2980803625
BRL,2002-10,0.2633935627
BRL,2002-11,0.2783654381
BRL,2002-12,0.2757251572
BRL,2003-01,0.2909090909
BRL,2003-02,0.2781254346
BRL,2003-03,0.2892932566
BRL,2003-04,0.3216468318
BRL,2003-05,0.3387878172
BRL,2003-06,0.3461764808
BRL,2003-07,0.3468248188
BRL,2003-08,0.332745483
BRL,2003-09,0.3424188467
BRL,2003-10,0.3493083694
BRL,2003-11,0.3430531732
BRL,2003-12,0.3418219108
BRL,2004-01,0.350471384
BRL,2004-02,0.3408083975
BRL,2004-03,0.3440327519
BRL,2004-04,0.3438907803
BRL,2004-05,0.3223414886
BRL,2004-06,0.319560285
BRL,2004-07,0.3291205898
BRL,2004-08,0.3331334533
BRL,2004-09,0.3458532199
BRL,2004-10,0.350631136
BRL,2004-11,0.358718657
BRL,2004-12,0.3683241252
BRL,2005-01,0.3718163227
BRL,2005-02,0.3850448577
BRL,2005-03,0.3695354939
BRL,2005-04,0.3881987578
BRL,2005-05,0.4072656186
BRL,2005-06,0.41411297
BRL,2005-07,0.4219053244
BRL,2005-08,0.4235672837
BRL,2005-09,0.4357488344
BRL,2005-10,0.4437344693
BRL,2005-11,0.4523044914
BRL,2005-12,0.4384234293
BRL,2006-01,0.4411894467
BRL,2006-02,0.4632417659
BRL,2006-03,0.4645113341
BRL,2006-04,0.4699027301
BRL,2006-05,0.460893211
BRL,2006-06,0.4445827591
BRL,2006-07,0.4569757346
BRL,2006-08,0.4639725328
BRL,2006-09,0.4612758891
BRL,2006-10,0.4660266567
BRL,2006-11,0.4639294827
BRL,2006-12,0.4656360589
BRL,2007-01,0.4678143713
BRL,2007-02,0.4775777258
BRL,2007-03,0.4788584016
BRL,2007-04,0.4925623091
BRL,2007-05,0.504133898
BRL,2007-06,0.5175179837
BRL,2007-07,0.53157559
BRL,2007-08,0.5096839959
BRL,2007-09,0.5256794407
BRL,2007-10,0.5559570801
BRL,2007-11,0.565962986
BRL,2007-12,0.5601613265
BRL,2008-01,0.5646527386
BRL,2008-02,0.5783689994
BRL,2008-03,0.5851375073
BRL,2008-04,0.5930142916
BRL,2008-05,0.6029544769
BRL,2008-06,0.6180851721
BRL,2008-07,0.6289308176
BRL,2008-08,0.6200781298
BRL,2008-09,0.5546004104
BRL,2008-10,0.4585052728
BRL,2008-11,0.4404510218
BRL,2008-12,0.4174668114
BRL,2009-01,0.4332943368
BRL,2009-02,0.4304778304
BRL,2009-03,0.4317602867
BRL,2009-04,0.4539882871
BRL,2009-05,0.4833486394
BRL,2009-06,0.5105687736
BRL,2009-07,0.517384106
BRL,2009-08,0.5419173034
BRL,2009-09,0.5498432947
BRL,2009-10,0.5754402118
BRL,2009-11,0.5791058606
BRL,2009-12,0.5711674663
BRL,2010-01,0.5612617163
BRL,2010-02,0.542888165
BRL,2010-03,0.5600672081
BRL,2010-04,0.5692167577
BRL,2010-05,0.5512071436
BRL,2010-06,0.5542622769
BRL,2010-07,0.5653230821
BRL,2010-08,0.5685371539
BRL,2010-09,0.5820721769
BRL,2010-10,0.593930035
BRL,2010-11,0.5837370848
BRL,2010-12,0.5897965202
BRL,2011-01,0.597193192
BRL,2011-02,0.6000960154
BRL,2011-03,0.6033546519
BRL,2011-04,0.631592244
BRL,2011-05,0.6197322757
BRL,2011-06,0.6307556453
BRL,2011-07,0.64
BRL,2011-08,0.6263309533
BRL,2011-09,0.5716899154
BRL,2011-10,0.5648760097
BRL,2011-11,0.5597850425
BRL,2011-12,0.5437442227
BRL,2012-01,0.5602240896
BRL,2012-02,0.5824790308
BRL,2012-03,0.5570099705
BRL,2012-04,0.5398984991
BRL,2012-05,0.5047955578
BRL,2012-06,0.4882335709
BRL,2012-07,0.4927079227
BRL,2012-08,0.4931209626
BRL,2012-09,0.4933642508
BRL,2012-10,0.4926836478
BRL,2012-11,0.4839802536
BRL,2012-12,0.4813477738
BRL,2013-01,0.4930723337
BRL,2013-02,0.5068680622
BRL,2013-03,0.5039814535
BRL,2013-04,0.4997251512
BRL,2013-05,0.4910385465
BRL,2013-06,0.4601085856
BRL,2013-07,0.4440891731
BRL,2013-08,0.4272043746
BRL,2013-09,0.4416766044
BRL,2013-10,0.4569966182
BRL,2013-11,0.43555904
BRL,2013-12,0.4260576882
BRL,2014-01,0.4191466175
BRL,2014-02,0.4203093477
BRL,2014-03,0.4300890284
BRL,2014-04,0.4479283315
BRL,2014-05,0.4505519261
BRL,2014-06,0.4472271914
BRL,2014-07,0.4495998561
BRL,2014-08,0.4408199251
BRL,2014-09,0.4277342915
BRL,2014-10,0.4082465809
BRL,2014-11,0.391742077
BRL,2014-12,0.3785154624
BRL,2015-01,0.3795642602
BRL,2015-02,0.3549875754
BRL,2015-03,0.3183294073
BRL,2015-04,0.3287202919
BRL,2015-05,0.327203717
BRL,2015-06,0.3213677411
BRL,2015-07,0.3097125867
BRL,2015-08,0.2844626501
BRL,2015-09,0.256200041
BRL,2015-10,0.2580511974
BRL,2015-11,0.2641449628
BRL,2015-12,0.2576788291
BRL,2016-01,0.2465726403
BRL,2016-02,0.2522449803
BRL,2016-03,0.2704164413
BRL,2016-04,0.2806308582
BRL,2016-05,0.2824619383
BRL,2016-06,0.2921072618
BRL,2016-07,0.3050547573
BRL,2016-08,0.3116624073
BRL,2016-09,0.3073896471
BRL,2016-10,0.3139323162
BRL,2016-11,0.2996793431
BRL,2016-12,0.2981514609
BRL,2017-01,0.3134697972
BRL,2017-02,0.3219886016
BRL,2017-03,0.3197442046
BRL,2017-04,0.3185727939
BRL,2017-05,0.3120806416
BRL,2017-06,0.3034532985
BRL,2017-07,0.3125586047
BRL,2017-08,0.3176821907
BRL,2017-09,0.3192338388
BRL,2017-10,0.3132537669
BRL,2017-11,0.3064758344
BRL,2017-12,0.3034901366
BRL,2018-01,0.3113809746
BRL,2018-02,0.3076260498
BRL,2018-03,0.3049710278
BRL,2018-04,0.2933497609
BRL,2018-05,0.2753607225
BRL,2018-06,0.2651816494
BRL,2018-07,0.2616362733
BRL,2018-08,0.2542394427
BRL,2018-09,0.2433859858
BRL,2018-10,0.2658796629
BRL,2018-11,0.264131009
BRL,2018-12,0.2575063089
BRL,2019-01,0.267694614
BRL,2019-02,0.2684996241
BRL,2019-03,0.2603692035
BRL,2019-04,0.2565813106
BRL,2019-05,0.2505323813
BRL,2019-06,0.2593562777
BRL,2019-07,0.2646552865
BRL,2019-08,0.2486325211
BRL,2019-09,0.2427479063
BRL,2019-10,0.2449479486
BRL,2019-11,0.2406275567
BRL,2019-12,0.2436350347
BRL,2020-01,0.2408941993
BRL,2020-02,0.2300437083
BRL,2020-03,0.2046580165
BRL,2020-04,0.1880724455
BRL,2020-05,0.1773238288
BRL,2020-06,0.1927376455
BRL,2020-07,0.1896273822
BRL,2020-08,0.1828655024
BRL,2020-09,0.1851851852
BRL,2020-10,0.1777682968
BRL,2020-11,0.1835468595
BRL,2020-12,0.1943747935
BRL,2021-01,0.1863134164
BRL,2021-02,0.1847336141
BRL,2021-03,0.17745914
BRL,2021-04,0.17957835
BRL,2021-05,0.1892075986
BRL,2021-06,0.1988664612
BRL,2021-07,0.1937571448
BRL,2021-08,0.1905233677
BRL,2021-09,0.1894298163
BRL,2021-10,0.1804532987
BRL,2021-11,0.1796364159
BRL,2021-12,0.1768377867
BRL,2022-01,0.1808318264
BRL,2022-02,0.1923668821
BRL,2022-03,0.2009484768
BRL,2022-04,0.2103182115
BRL,2022-05,0.20155195
BRL,2022-06,0.1981100303
BRL,2022-07,0.1862821802
BRL,2022-08,0.1945373901
BRL,2022-09,0.1907086734
BRL,2022-10,0.1904000305
BRL,2022-11,0.1898253607
BRL,2022-12,0.1906432303
BRL,2023-01,0.1925965872
BRL,2023-02,0.193020383
BRL,2023-03,0.1919901701
BRL,2023-04,0.1991436822
BRL,2023-05,0.200750808
BRL,2023-06,0.2060283907
BRL,2023-07,0.2083116342
BRL,2023-08,0.2040316657
BRL,2023-09,0.2024824346
BRL,2023-10,0.1977887221
BRL,2023-11,0.2041649653
BRL,2023-12,0.2040899629
BRL,2024-01,0.2033264202
BRL,2024-02,0.2015763269
BRL,2024-03,0.2008112776
BRL,2024-04,0.1949317739
BRL,2024-05,0.1946737268
BRL,2024-06,0.1856630957
BRL,2024-07,0.1803816877
BRL,2024-08,0.1801250068
BRL,2024-09,0.1805771245
BRL,2024-10,0.177689328
BRL,2024-11,0.1725298045
BRL,2024-12,0.1639075561
BRL,2025-01,0.1663644379
BRL,2025-02,0.1734966515
BRL,2025-03,0.1736683976
BRL,2025-04,0.1726966583
BRL,2025-05,0.1764788931
BRL,2025-06,0.180316636
BRL,2025-07,0.1807272464
BRL,2025-08,0.1836378661
BRL,2025-09,0.1864628007
BRL,2025-10,0.1857631149
BRL,2025-11,0.1872133296
BRL,2025-12,0.183294536
BRL,2026-01,0.1875609573
BRL,2026-02,0.1923520812
BRL,2026-03,0.1912192137
BRL,2026-04,0.1986531318
BRL,2026-05,0.2007427482
BRL,2026-06,0.1951562226
BRL,2026-07,0.1957176968
BRL,2026-08,0.1939788951
CNY,1981-01,0.6444129398
CNY,1981-02,0.6199243692
CNY,1981-03,0.6129704548
CNY,1981-04,0.600240096
CNY,1981-05,0.5790387956
CNY,1981-06,0.5680204487
CNY,1981-07,0.5666685556
CNY,1981-08,0.5554629784
CNY,1981-09,0.5700604264
CNY,1981-10,0.5689576695
CNY,1981-11,0.5744155322
CNY,1981-12,0.5745475438
CNY,1982-01,0.564557105
CNY,1982-02,0.5494505495
CNY,1982-03,0.5426230398
CNY,1982-04,0.5386479935
CNY,1982-05,0.5517850246
CNY,1982-06,0.5259282634
CNY,1982-07,0.518134715
CNY,1982-08,0.5146150679
CNY,1982-09,0.5110645475
CNY,1982-10,0.5028410519
CNY,1982-11,0.499950005
CNY,1982-12,0.5142710208
CNY,1983-01,0.5198045535
CNY,1983-02,0.5088281687
CNY,1983-03,0.5041847333
CNY,1983-04,0.5015548199
CNY,1983-05,0.502638854
CNY,1983-06,0.5012782596
CNY,1983-07,0.5008514475
CNY,1983-08,0.503956055
CNY,1983-09,0.5033472593
CNY,1983-10,0.5085435313
CNY,1983-11,0.5015045135
CNY,1983-12,0.5020080321
CNY,1984-01,0.4880429478
CNY,1984-02,0.4847779717
CNY,1984-03,0.4843553231
CNY,1984-04,0.4778059152
CNY,1984-05,0.4573310162
CNY,1984-06,0.4508972856
CNY,1984-07,0.4348582362
CNY,1984-08,0.42162071
CNY,1984-09,0.3926341827
CNY,1984-10,0.3775294473
CNY,1984-11,0.3733432892
CNY,1984-12,0.3577433549
CNY,1985-01,0.3551136364
CNY,1985-02,0.3527710163
CNY,1985-03,0.350471384
CNY,1985-04,0.3511235955
CNY,1985-05,0.3501891021
CNY,1985-06,0.3485170599
CNY,1985-07,0.3471137492
CNY,1985-08,0.3437252947
CNY,1985-09,0.3364511137
CNY,1985-10,0.3248651809
CNY,1985-11,0.3116624073
CNY,1985-12,0.3115750117
CNY,1986-01,0.3115750117
CNY,1986-02,0.3110226424
CNY,1986-03,0.310539718
CNY,1986-04,0.3111097284
CNY,1986-05,0.312363341
CNY,1986-06,0.3113809746
CNY,1986-07,0.2744613696
CNY,1986-08,0.2693312505
CNY,1986-09,0.269179004
CNY,1986-10,0.2684059371
CNY,1986-11,0.2679959265
CNY,1986-12,0.2679959265
CNY,1987-01,0.2679959265
CNY,1987-02,0.2679959265
CNY,1987-03,0.2679959265
CNY,1987-04,0.2679959265
CNY,1987-05,0.2679959265
CNY,1987-06,0.2679959265
CNY,1987-07,0.2679959265
CNY,1987-08,0.2679959265
CNY,1987-09,0.2679959265
CNY,1987-10,0.2679959265
CNY,1987-11,0.2679959265
CNY,1987-12,0.2679959265
CNY,1988-01,0.2679959265
CNY,1988-02,0.2679959265
CNY,1988-03,0.2679959265
CNY,1988-04,0.2679959265
CNY,1988-05,0.2679959265
CNY,1988-06,0.2679959265
CNY,1988-07,0.2679959265
CNY,1988-08,0.2679959265
CNY,1988-09,0.2679959265
CNY,1988-10,0.2679959265
CNY,1988-11,0.2679959265
CNY,1988-12,0.2679959265
CNY,1989-01,0.2679959265
CNY,1989-02,0.2679959265
CNY,1989-03,0.2679959265
CNY,1989-04,0.2679959265
CNY,1989-05,0.2679959265
CNY,1989-06,0.2679959265
CNY,1989-07,0.2679959265
CNY,1989-08,0.2679959265
CNY,1989-09,0.2679959265
CNY,1989-10,0.2679959265
CNY,1989-11,0.2679959265
CNY,1989-12,0.2390914525
CNY,1990-01,0.2112423161
CNY,1990-02,0.2112423161
CNY,1990-03,0.2112423161
CNY,1990-04,0.2112423161
CNY,1990-05,0.2112423161
CNY,1990-06,0.2112423161
CNY,1990-07,0.2112423161
CNY,1990-08,0.2112423161
CNY,1990-09,0.2112289299
CNY,1990-10,0.2112423161
CNY,1990-11,0.2011505813
CNY,1990-12,0.1910146699
CNY,1991-01,0.1910146699
CNY,1991-02,0.1910146699
CNY,1991-03,0.1910146699
CNY,1991-04,0.1895123846
CNY,1991-05,0.187768744
CNY,1991-06,0.1863342464
CNY,1991-07,0.1862440169
CNY,1991-08,0.1861330852
CNY,1991-09,0.1856355232
CNY,1991-10,0.1854702598
CNY,1991-11,0.1852057636
CNY,1991-12,0.1843929783
CNY,1992-01,0.1830898239
CNY,1992-02,0.1825617059
CNY,1992-03,0.1822456307
CNY,1992-04,0.1814947911
CNY,1992-05,0.1812185133
CNY,1992-06,0.1821725903
CNY,1992-07,0.1832710212
CNY,1992-08,0.1837661025
CNY,1992-09,0.1816596425
CNY,1992-10,0.1802256425
CNY,1992-11,0.1781451527
CNY,1992-12,0.1720992669
CNY,1993-01,0.1730223545
CNY,1993-02,0.1727891627
CNY,1993-03,0.1740492559
CNY,1993-04,0.1748190623
CNY,1993-05,0.1742403122
CNY,1993-06,0.173900946
CNY,1993-07,0.1731421844
CNY,1993-08,0.172693676
CNY,1993-09,0.1723692149
CNY,1993-10,0.1723751573
CNY,1993-11,0.1721585236
CNY,1993-12,0.1717917884
CNY,1994-01,0.1146539172
CNY,1994-02,0.1146144941
CNY,1994-03,0.1146250043
CNY,1994-04,0.1146118669
CNY,1994-05,0.1151291173
CNY,1994-06,0.1151596112
CNY,1994-07,0.1154667744
CNY,1994-08,0.1161818013
CNY,1994-09,0.1168483659
CNY,1994-10,0.1169700089
CNY,1994-11,0.1171371676
CNY,1994-12,0.1176014018
CNY,1995-01,0.1181921331
CNY,1995-02,0.1182690147
CNY,1995-03,0.1183670087
CNY,1995-04,0.1184539392
CNY,1995-05,0.1199472232
CNY,1995-06,0.1201836406
CNY,1995-07,0.1201821962
CNY,1995-08,0.1201157916
CNY,1995-09,0.1199414686
CNY,1995-10,0.1199716867
CNY,1995-11,0.11999904
CNY,1995-12,0.1199760048
CNY,1996-01,0.1199270843
CNY,1996-02,0.1199932804
CNY,1996-03,0.1197676508
CNY,1996-04,0.119738969
CNY,1996-05,0.119790606
CNY,1996-06,0.1198695819
CNY,1996-07,0.1198911388
CNY,1996-08,0.119934276
CNY,1996-09,0.119988961
CNY,1996-10,0.1200494604
CNY,1996-11,0.1200566667
CNY,1996-12,0.1200624325
CNY,1997-01,0.120105693
CNY,1997-02,0.1201533156
CNY,1997-03,0.1201085782
CNY,1997-04,0.1201100208
CNY,1997-05,0.1201504283
CNY,1997-06,0.1201576468
CNY,1997-07,0.1202472283
CNY,1997-08,0.1202110907
CNY,1997-09,0.1202342163
CNY,1997-10,0.1202862813
CNY,1997-11,0.120323912
CNY,1997-12,0.1203383916
CNY,1998-01,0.1203456327
CNY,1998-02,0.1203775039
CNY,1998-03,0.1203717078
CNY,1998-04,0.1203977943
CNY,1998-05,0.1203601175
CNY,1998-06,0.1203369434
CNY,1998-07,0.1203369434
CNY,1998-08,0.1203369434
CNY,1998-09,0.1204021432
CNY,1998-10,0.1208050448
CNY,1998-11,0.1208050448
CNY,1998-12,0.1208021261
CNY,1999-01,0.1207889937
CNY,1999-02,0.1208006668
CNY,1999-03,0.1207846169
CNY,1999-04,0.1207846169
CNY,1999-05,0.12079483
CNY,1999-06,0.1208021261
CNY,1999-07,0.1208079637
CNY,1999-08,0.1208138018
CNY,1999-09,0.1208108826
CNY,1999-10,0.1208094231
CNY,1999-11,0.1207992076
CNY,1999-12,0.1207816992
CNY,2000-01,0.1207846169
CNY,2000-02,0.1208006668
CNY,2000-03,0.1207933709
CNY,2000-04,0.120783158
CNY,2000-05,0.1208006668
CNY,2000-06,0.1208138018
CNY,2000-07,0.1207816992
CNY,2000-08,0.1207787816
CNY,2000-09,0.12079483
CNY,2000-10,0.12079483
CNY,2000-11,0.1208108826
CNY,2000-12,0.1208152614
CNY,2001-01,0.1208079637
CNY,2001-02,0.1208152614
CNY,2001-03,0.1208094231
CNY,2001-04,0.1208152614
CNY,2001-05,0.120816721
CNY,2001-06,0.120816721
CNY,2001-07,0.1208181807
CNY,2001-08,0.120816721
CNY,2001-09,0.1208196404
CNY,2001-10,0.1208196404
CNY,2001-11,0.1208181807
CNY,2001-12,0.1208254797
CNY,2002-01,0.1208152614
CNY,2002-02,0.1208211002
CNY,2002-03,0.1208123422
CNY,2002-04,0.1208138018
CNY,2002-05,0.120816721
CNY,2002-06,0.1208211002
CNY,2002-07,0.1208196404
CNY,2002-08,0.1208211002
CNY,2002-09,0.120816721
CNY,2002-10,0.1208138018
CNY,2002-11,0.1208138018
CNY,2002-12,0.1208065042
CNY,2003-01,0.1208094231
CNY,2003-02,0.1208021261
CNY,2003-03,0.1208123422
CNY,2003-04,0.1208138018
CNY,2003-05,0.1208181807
CNY,2003-06,0.1208152614
CNY,2003-07,0.1208123422
CNY,2003-08,0.120816721
CNY,2003-09,0.1208138018
CNY,2003-10,0.1208196404
CNY,2003-11,0.1208181807
CNY,2003-12,0.120816721
CNY,2004-01,0.120816721
CNY,2004-02,0.1208152614
CNY,2004-03,0.1208152614
CNY,2004-04,0.1208181807
CNY,2004-05,0.1208152614
CNY,2004-06,0.1208211002
CNY,2004-07,0.1208211002
CNY,2004-08,0.1208196404
CNY,2004-09,0.1208211002
CNY,2004-10,0.1208240198
CNY,2004-11,0.1208240198
CNY,2004-12,0.1208240198
CNY,2005-01,0.1208240198
CNY,2005-02,0.1208240198
CNY,2005-03,0.1208240198
CNY,2005-04,0.1208240198
CNY,2005-05,0.1208240198
CNY,2005-06,0.1208240198
CNY,2005-07,0.1215598561
CNY,2005-08,0.1234308849
CNY,2005-09,0.1235803705
CNY,2005-10,0.1236170344
CNY,2005-11,0.1237011381
CNY,2005-12,0.1238313417
CNY,2006-01,0.1239864111
CNY,2006-02,0.1242050874
CNY,2006-03,0.1244555072
CNY,2006-04,0.1247769612
CNY,2006-05,0.1247956471
CNY,2006-06,0.1249344094
CNY,2006-07,0.125161145
CNY,2006-08,0.1254358897
CNY,2006-09,0.1260493609
CNY,2006-10,0.1265534435
CNY,2006-11,0.1271908626
CNY,2006-12,0.1278461755
CNY,2007-01,0.128409266
CNY,2007-02,0.1290289283
CNY,2007-03,0.1292507335
CNY,2007-04,0.1294548656
CNY,2007-05,0.1302541258
CNY,2007-06,0.1310049389
CNY,2007-07,0.1320010032
CNY,2007-08,0.1320410912
CNY,2007-09,0.1329610424
CNY,2007-10,0.1332995641
CNY,2007-11,0.1347527287
CNY,2007-12,0.1357183573
CNY,2008-01,0.1381120088
CNY,2008-02,0.1395790296
CNY,2008-03,0.1413987161
CNY,2008-04,0.1428632656
CNY,2008-05,0.1434205809
CNY,2008-06,0.1449422405
CNY,2008-07,0.1462950772
CNY,2008-08,0.146066431
CNY,2008-09,0.1463978802
CNY,2008-10,0.1462886568
CNY,2008-11,0.1464536255
CNY,2008-12,0.145902333
CNY,2009-01,0.1462843768
CNY,2009-02,0.1462779574
CNY,2009-03,0.1462843768
CNY,2009-04,0.1464000234
CNY,2009-05,0.1465523558
CNY,2009-06,0.1463400357
CNY,2009-07,0.146376451
CNY,2009-08,0.1463635964
CNY,2009-09,0.1464622054
CNY,2009-10,0.1464836597
CNY,2009-11,0.1464750773
CNY,2009-12,0.1464664958
CNY,2010-01,0.1464793684
CNY,2010-02,0.1464450465
CNY,2010-03,0.1464943893
CNY,2010-04,0.1465072668
CNY,2010-05,0.1464664958
CNY,2010-06,0.1466619735
CNY,2010-07,0.1475753372
CNY,2010-08,0.1473339914
CNY,2010-09,0.1483767583
CNY,2010-10,0.1499745043
CNY,2010-11,0.1502900598
CNY,2010-12,0.150382724
CNY,2011-01,0.1515978412
CNY,2011-02,0.1520658141
CNY,2011-03,0.1523345266
CNY,2011-04,0.1532167864
CNY,2011-05,0.1539479964
CNY,2011-06,0.1544496957
CNY,2011-07,0.1548586914
CNY,2011-08,0.1561621588
CNY,2011-09,0.1565312671
CNY,2011-10,0.1569612306
CNY,2011-11,0.1573217545
CNY,2011-12,0.1575249677
CNY,2012-01,0.1582979801
CNY,2012-02,0.1587377177
CNY,2012-03,0.1584158416
CNY,2012-04,0.158621893
CNY,2012-05,0.1581227665
CNY,2012-06,0.1571511637
CNY,2012-07,0.1569439867
CNY,2012-08,0.1572500118
CNY,2012-09,0.1582278481
CNY,2012-10,0.1596755393
CNY,2012-11,0.1604157977
CNY,2012-12,0.1604415351
CNY,2013-01,0.1607329422
CNY,2013-02,0.1604544069
CNY,2013-03,0.1608906909
CNY,2013-04,0.1616527376
CNY,2013-05,0.1628240198
CNY,2013-06,0.1630204428
CNY,2013-07,0.1630177852
CNY,2013-08,0.1633639913
CNY,2013-09,0.1634040328
CNY,2013-10,0.1638484729
CNY,2013-11,0.1641254575
CNY,2013-12,0.1646415753
CNY,2014-01,0.1652646714
CNY,2014-02,0.164430413
CNY,2014-03,0.1619984124
CNY,2014-04,0.1606528934
CNY,2014-05,0.160307791
CNY,2014-06,0.1604981864
CNY,2014-07,0.1613319566
CNY,2014-08,0.1624932972
CNY,2014-09,0.1629142094
CNY,2014-10,0.1632626406
CNY,2014-11,0.1632679717
CNY,2014-12,0.161587435
CNY,2015-01,0.1608208295
CNY,2015-02,0.1599539333
CNY,2015-03,0.1602923733
CNY,2015-04,0.1612643122
CNY,2015-05,0.161199323
CNY,2015-06,0.1611551602
CNY,2015-07,0.1610695015
CNY,2015-08,0.1577710112
CNY,2015-09,0.1570450405
CNY,2015-10,0.1574679159
CNY,2015-11,0.1571338781
CNY,2015-12,0.155060396
CNY,2016-01,0.1521467912
CNY,2016-02,0.1526694249
CNY,2016-03,0.1537822751
CNY,2016-04,0.1544306143
CNY,2016-05,0.153235569
CNY,2016-06,0.1517634918
CNY,2016-07,0.1497656168
CNY,2016-08,0.1504528631
CNY,2016-09,0.1499205421
CNY,2016-10,0.1485817868
CNY,2016-11,0.1461945557
CNY,2016-12,0.1445128472
CNY,2017-01,0.145123137
CNY,2017-02,0.1455731214
CNY,2017-03,0.1450536699
CNY,2017-04,0.1451884546
CNY,2017-05,0.1452580509
CNY,2017-06,0.1469162284
CNY,2017-07,0.1477235796
CNY,2017-08,0.1499925004
CNY,2017-09,0.152230172
CNY,2017-10,0.1509342832
CNY,2017-11,0.1510574018
CNY,2017-12,0.151671419
CNY,2018-01,0.1556832158
CNY,2018-02,0.1582704208
CNY,2018-03,0.1582929686
CNY,2018-04,0.1588133467
CNY,2018-05,0.1569834069
CNY,2018-06,0.1546766485
CNY,2018-07,0.1488892859
CNY,2018-08,0.1460856354
CNY,2018-09,0.1458767925
CNY,2018-10,0.1445274674
CNY,2018-11,0.1441607681
CNY,2018-12,0.145270712
CNY,2019-01,0.1473557019
CNY,2019-02,0.1484406312
CNY,2019-03,0.1489891089
CNY,2019-04,0.1488959366
CNY,2019-05,0.1459449204
CNY,2019-06,0.1449758615
CNY,2019-07,0.1454016721
CNY,2019-08,0.1415849014
CNY,2019-09,0.1405738223
CNY,2019-10,0.1409224785
CNY,2019-11,0.1424521717
CNY,2019-12,0.1425780972
CNY,2020-01,0.1445420907
CNY,2020-02,0.1429245216
CNY,2020-03,0.1424399972
CNY,2020-04,0.1414267127
CNY,2020-05,0.1408133378
CNY,2020-06,0.1412110258
CNY,2020-07,0.1427735184
CNY,2020-08,0.1443626389
CNY,2020-09,0.1468299416
CNY,2020-10,0.1486900407
CNY,2020-11,0.1514486059
CNY,2020-12,0.1529215665
CNY,2021-01,0.1546264226
CNY,2021-02,0.1547963654
CNY,2021-03,0.1535885976
CNY,2021-04,0.1534071733
CNY,2021-05,0.1554702197
CNY,2021-06,0.1556420233
CNY,2021-07,0.1544091534
CNY,2021-08,0.1543972332
CNY,2021-09,0.1548874742
CNY,2021-10,0.1558312036
CNY,2021-11,0.1565214669
CNY,2021-12,0.1570031244
CNY,2022-01,0.1573415571
CNY,2022-02,0.1576391954
CNY,2022-03,0.1576143492
CNY,2022-04,0.1554968123
CNY,2022-05,0.1492760113
CNY,2022-06,0.149360736
CNY,2022-07,0.1484736905
CNY,2022-08,0.1470436867
CNY,2022-09,0.1424602892
CNY,2022-10,0.1390781898
CNY,2022-11,0.1392524926
CNY,2022-12,0.1434370383
CNY,2023-01,0.1472667295
CNY,2023-02,0.1462415911
CNY,2023-03,0.145118925
CNY,2023-04,0.1451884546
CNY,2023-05,0.1431557248
CNY,2023-06,0.139637501
CNY,2023-07,0.1391536674
CNY,2023-08,0.1379576746
CNY,2023-09,0.1370257197
CNY,2023-10,0.1368531976
CNY,2023-11,0.1384542962
CNY,2023-12,0.1400520994
CNY,2024-01,0.139456399
CNY,2024-02,0.139014388
CNY,2024-03,0.1388599597
CNY,2024-04,0.1381711664
CNY,2024-05,0.1382609537
CNY,2024-06,0.1378416751
CNY,2024-07,0.1377239736
CNY,2024-08,0.1399090591
CNY,2024-09,0.1413227812
CNY,2024-10,0.141081531
CNY,2024-11,0.1387674674
CNY,2024-12,0.1373494307
CNY,2025-01,0.1370670395
CNY,2025-02,0.1374872824
CNY,2025-03,0.1379443532
CNY,2025-04,0.1370463765
CNY,2025-05,0.1385694094
CNY,2025-06,0.1392680074
CNY,2025-07,0.1393903068
CNY,2025-08,0.1394175136
CNY,2025-09,0.140380431
CNY,2025-10,0.1404494382
CNY,2025-11,0.1407083257
CNY,2025-12,0.1419809178
CNY,2026-01,0.1434884922
CNY,2026-02,0.1447932353
CNY,2026-03,0.145093658
CNY,2026-04,0.1462608416
CNY,2026-05,0.1470674746
CNY,2026-06,0.1475840491
CNY,2026-07,0.1475862273
CNY,2026-08,0.1484538531
EUR,1999-01,1.1591
EUR,1999-02,1.1203
EUR,1999-03,1.0886
EUR,1999-04,1.0701
EUR,1999-05,1.063
EUR,1999-06,1.0377
EUR,1999-07,1.037
EUR,1999-08,1.0605
EUR,1999-09,1.0497
EUR,1999-10,1.0706
EUR,1999-11,1.0328
EUR,1999-12,1.011
EUR,2000-01,1.0131
EUR,2000-02,0.9834
EUR,2000-03,0.9643
EUR,2000-04,0.9449
EUR,2000-05,0.9059
EUR,2000-06,0.9505
EUR,2000-07,0.9386
EUR,2000-08,0.9045
EUR,2000-09,0.8695
EUR,2000-10,0.8525
EUR,2000-11,0.8552
EUR,2000-12,0.8983
EUR,2001-01,0.9376
EUR,2001-02,0.9205
EUR,2001-03,0.9083
EUR,2001-04,0.8925
EUR,2001-05,0.8753
EUR,2001-06,0.853
EUR,2001-07,0.8615
EUR,2001-08,0.9014
EUR,2001-09,0.9114
EUR,2001-10,0.905
EUR,2001-11,0.8883
EUR,2001-12,0.8912
EUR,2002-01,0.8832
EUR,2002-02,0.8707
EUR,2002-03,0.8766
EUR,2002-04,0.886
EUR,2002-05,0.917
EUR,2002-06,0.9561
EUR,2002-07,0.9935
EUR,2002-08,0.9781
EUR,2002-09,0.9806
EUR,2002-10,0.9812
EUR,2002-11,1.0013
EUR,2002-12,1.0194
EUR,2003-01,1.0622
EUR,2003-02,1.0785
EUR,2003-03,1.0797
EUR,2003-04,1.0862
EUR,2003-05,1.1556
EUR,2003-06,1.1674
EUR,2003-07,1.1365
EUR,2003-08,1.1155
EUR,2003-09,1.1267
EUR,2003-10,1.1714
EUR,2003-11,1.171
EUR,2003-12,1.2298
EUR,2004-01,1.2638
EUR,2004-02,1.264
EUR,2004-03,1.2261
EUR,2004-04,1.1989
EUR,2004-05,1.2
EUR,2004-06,1.2146
EUR,2004-07,1.2266
EUR,2004-08,1.2191
EUR,2004-09,1.2224
EUR,2004-10,1.2507
EUR,2004-11,1.2997
EUR,2004-12,1.3406
EUR,2005-01,1.3123
EUR,2005-02,1.3013
EUR,2005-03,1.3185
EUR,2005-04,1.2943
EUR,2005-05,1.2697
EUR,2005-06,1.2155
EUR,2005-07,1.2041
EUR,2005-08,1.2295
EUR,2005-09,1.2234
EUR,2005-10,1.2022
EUR,2005-11,1.1789
EUR,2005-12,1.1861
EUR,2006-01,1.2126
EUR,2006-02,1.194
EUR,2006-03,1.2028
EUR,2006-04,1.2273
EUR,2006-05,1.2767
EUR,2006-06,1.2661
EUR,2006-07,1.2681
EUR,2006-08,1.281
EUR,2006-09,1.2722
EUR,2006-10,1.2617
EUR,2006-11,1.2888
EUR,2006-12,1.3205
EUR,2007-01,1.2993
EUR,2007-02,1.308
EUR,2007-03,1.3246
EUR,2007-04,1.3513
EUR,2007-05,1.3518
EUR,2007-06,1.3421
EUR,2007-07,1.3726
EUR,2007-08,1.3626
EUR,2007-09,1.391
EUR,2007-10,1.4233
EUR,2007-11,1.4683
EUR,2007-12,1.4559
EUR,2008-01,1.4728
EUR,2008-02,1.4759
EUR,2008-03,1.552
EUR,2008-04,1.5754
EUR,2008-05,1.5554
EUR,2008-06,1.5562
EUR,2008-07,1.5759
EUR,2008-08,1.4955
EUR,2008-09,1.4342
EUR,2008-10,1.3266
EUR,2008-11,1.2744
EUR,2008-12,1.3511
EUR,2009-01,1.3244
EUR,2009-02,1.2797
EUR,2009-03,1.305
EUR,2009-04,1.3199
EUR,2009-05,1.3646
EUR,2009-06,1.4014
EUR,2009-07,1.4092
EUR,2009-08,1.4266
EUR,2009-09,1.4575
EUR,2009-10,1.4821
EUR,2009-11,1.4908
EUR,2009-12,1.4579
EUR,2010-01,1.4266
EUR,2010-02,1.368
EUR,2010-03,1.357
EUR,2010-04,1.3417
EUR,2010-05,1.2563
EUR,2010-06,1.2223
EUR,2010-07,1.2811
EUR,2010-08,1.2903
EUR,2010-09,1.3103
EUR,2010-10,1.3901
EUR,2010-11,1.3654
EUR,2010-12,1.3221
EUR,2011-01,1.3371
EUR,2011-02,1.3656
EUR,2011-03,1.402
EUR,2011-04,1.446
EUR,2011-05,1.4335
EUR,2011-06,1.4403
EUR,2011-07,1.4275
EUR,2011-08,1.4333
EUR,2011-09,1.3747
EUR,2011-10,1.3732
EUR,2011-11,1.3558
EUR,2011-12,1.3155
EUR,2012-01,1.291
EUR,2012-02,1.3238
EUR,2012-03,1.3208
EUR,2012-04,1.316
EUR,2012-05,1.2806
EUR,2012-06,1.2541
EUR,2012-07,1.2278
EUR,2012-08,1.2406
EUR,2012-09,1.2885
EUR,2012-10,1.2974
EUR,2012-11,1.2837
EUR,2012-12,1.3119
EUR,2013-01,1.3304
EUR,2013-02,1.3347
EUR,2013-03,1.2953
EUR,2013-04,1.3025
EUR,2013-05,1.2983
EUR,2013-06,1.3197
EUR,2013-07,1.3088
EUR,2013-08,1.3314
EUR,2013-09,1.3364
EUR,2013-10,1.3646
EUR,2013-11,1.3491
EUR,2013-12,1.3708
EUR,2014-01,1.3618
EUR,2014-02,1.3665
EUR,2014-03,1.3828
EUR,2014-04,1.381
EUR,2014-05,1.3739
EUR,2014-06,1.3595
EUR,2014-07,1.3533
EUR,2014-08,1.3315
EUR,2014-09,1.2889
EUR,2014-10,1.2677
EUR,2014-11,1.2473
EUR,2014-12,1.2329
EUR,2015-01,1.1615
EUR,2015-02,1.135
EUR,2015-03,1.0819
EUR,2015-04,1.0822
EUR,2015-05,1.1167
EUR,2015-06,1.1226
EUR,2015-07,1.0997
EUR,2015-08,1.1136
EUR,2015-09,1.1229
EUR,2015-10,1.1228
EUR,2015-11,1.0727
EUR,2015-12,1.0889
EUR,2016-01,1.0855
EUR,2016-02,1.1092
EUR,2016-03,1.1134
EUR,2016-04,1.1346
EUR,2016-05,1.1312
EUR,2016-06,1.1232
EUR,2016-07,1.1055
EUR,2016-08,1.1207
EUR,2016-09,1.1218
EUR,2016-10,1.1014
EUR,2016-11,1.0792
EUR,2016-12,1.0545
EUR,2017-01,1.0635
EUR,2017-02,1.065
EUR,2017-03,1.0691
EUR,2017-04,1.0714
EUR,2017-05,1.105
EUR,2017-06,1.1233
EUR,2017-07,1.153
EUR,2017-08,1.1813
EUR,2017-09,1.1913
EUR,2017-10,1.1755
EUR,2017-11,1.1743
EUR,2017-12,1.1836
EUR,2018-01,1.2197
EUR,2018-02,1.234
EUR,2018-03,1.2334
EUR,2018-04,1.227
EUR,2018-05,1.1823
EUR,2018-06,1.1679
EUR,2018-07,1.1685
EUR,2018-08,1.1547
EUR,2018-09,1.1667
EUR,2018-10,1.1488
EUR,2018-11,1.1364
EUR,2018-12,1.138
EUR,2019-01,1.1418
EUR,2019-02,1.1349
EUR,2019-03,1.1296
EUR,2019-04,1.1234
EUR,2019-05,1.1187
EUR,2019-06,1.1295
EUR,2019-07,1.1211
EUR,2019-08,1.1129
EUR,2019-09,1.1011
EUR,2019-10,1.1058
EUR,2019-11,1.1051
EUR,2019-12,1.1114
EUR,2020-01,1.1098
EUR,2020-02,1.0911
EUR,2020-03,1.1046
EUR,2020-04,1.0871
EUR,2020-05,1.0907
EUR,2020-06,1.1259
EUR,2020-07,1.1488
EUR,2020-08,1.1831
EUR,2020-09,1.1785
EUR,2020-10,1.1768
EUR,2020-11,1.1826
EUR,2020-12,1.2168
EUR,2021-01,1.2178
EUR,2021-02,1.2094
EUR,2021-03,1.1902
EUR,2021-04,1.1965
EUR,2021-05,1.2146
EUR,2021-06,1.2048
EUR,2021-07,1.1821
EUR,2021-08,1.1767
EUR,2021-09,1.1765
EUR,2021-10,1.16
EUR,2021-11,1.1416
EUR,2021-12,1.1301
EUR,2022-01,1.1317
EUR,2022-02,1.1349
EUR,2022-03,1.1019
EUR,2022-04,1.0803
EUR,2022-05,1.0567
EUR,2022-06,1.0567
EUR,2022-07,1.0168
EUR,2022-08,1.0129
EUR,2022-09,0.9899
EUR,2022-10,0.9853
EUR,2022-11,1.0192
EUR,2022-12,1.0591
EUR,2023-01,1.0777
EUR,2023-02,1.0702
EUR,2023-03,1.0711
EUR,2023-04,1.0962
EUR,2023-05,1.0867
EUR,2023-06,1.084
EUR,2023-07,1.1067
EUR,2023-08,1.091
EUR,2023-09,1.0672
EUR,2023-10,1.0565
EUR,2023-11,1.0819
EUR,2023-12,1.0909
EUR,2024-01,1.0899
EUR,2024-02,1.0793
EUR,2024-03,1.087
EUR,2024-04,1.0724
EUR,2024-05,1.081
EUR,2024-06,1.0763
EUR,2024-07,1.0847
EUR,2024-08,1.102
EUR,2024-09,1.1104
EUR,2024-10,1.0895
EUR,2024-11,1.0621
EUR,2024-12,1.0472
EUR,2025-01,1.0356
EUR,2025-02,1.0413
EUR,2025-03,1.0813
EUR,2025-04,1.1232
EUR,2025-05,1.1274
EUR,2025-06,1.1534
EUR,2025-07,1.1671
EUR,2025-08,1.1647
EUR,2025-09,1.1739
EUR,2025-10,1.1641
EUR,2025-11,1.1558
EUR,2025-12,1.171
EUR,2026-01,1.1744
EUR,2026-02,1.1824
EUR,2026-03,1.1557
EUR,2026-04,1.1697
EUR,2026-05,1.1681
EUR,2026-06,1.1516
EUR,2026-07,1.1423
EUR,2026-08,1.1594
JPY,1971-01,0.002793140048
JPY,1971-02,0.002796850746
JPY,1971-03,0.00279705649
JPY,1971-04,0.00279717776
JPY,1971-05,0.002797883681
JPY,1971-06,0.002797893075
JPY,1971-07,0.002797951787
JPY,1971-08,0.002810725729
JPY,1971-09,0.002958396076
JPY,1971-10,0.003020139802
JPY,1971-11,0.00304180659
JPY,1971-12,0.0031242902
JPY,1972-01,0.003197748785
JPY,1972-02,0.003276679544
JPY,1972-03,0.003305386292
JPY,1972-04,0.00329423624
JPY,1972-05,0.003285372372
JPY,1972-06,0.003306719751
JPY,1972-07,0.003321922529
JPY,1972-08,0.003320484166
JPY,1972-09,0.003320946204
JPY,1972-10,0.003322137729
JPY,1972-11,0.003322386071
JPY,1972-12,0.003319606759
JPY,1973-01,0.003313582175
JPY,1973-02,0.003591688259
JPY,1973-03,0.00381823083
JPY,1973-04,0.003766600349
JPY,1973-05,0.003778568338
JPY,1973-06,0.003780745495
JPY,1973-07,0.003779949485
JPY,1973-08,0.003770454717
JPY,1973-09,0.003766837292
JPY,1973-10,0.00375467269
JPY,1973-11,0.003593728943
JPY,1973-12,0.003569165975
JPY,1974-01,0.003354200935
JPY,1974-02,0.003435396678
JPY,1974-03,0.003544028171
JPY,1974-04,0.003600047665
JPY,1974-05,0.003584661092
JPY,1974-06,0.003533943528
JPY,1974-07,0.003436662314
JPY,1974-08,0.003308151683
JPY,1974-09,0.003343542282
JPY,1974-10,0.003340409434
JPY,1974-11,0.003332500208
JPY,1974-12,0.003328768482
JPY,1975-01,0.003336842579
JPY,1975-02,0.003428669782
JPY,1975-03,0.003472842028
JPY,1975-04,0.003422350963
JPY,1975-05,0.003431349842
JPY,1975-06,0.003407547445
JPY,1975-07,0.003374114
JPY,1975-08,0.003355972725
JPY,1975-09,0.003334344751
JPY,1975-10,0.003307573947
JPY,1975-11,0.00330529015
JPY,1975-12,0.003271501947
JPY,1976-01,0.003282609359
JPY,1976-02,0.003315711432
JPY,1976-03,0.003327584377
JPY,1976-04,0.003343267295
JPY,1976-05,0.003344436864
JPY,1976-06,0.003342347645
JPY,1976-07,0.003393960786
JPY,1976-08,0.00344084956
JPY,1976-09,0.003479943347
JPY,1976-10,0.00343419566
JPY,1976-11,0.003387932118
JPY,1976-12,0.003393261729
JPY,1977-01,0.003435807435
JPY,1977-02,0.003508499867
JPY,1977-03,0.003568541876
JPY,1977-04,0.003633627185
JPY,1977-05,0.003604562222
JPY,1977-06,0.003664871002
JPY,1977-07,0.003775533936
JPY,1977-08,0.003749849069
JPY,1977-09,0.003748547438
JPY,1977-10,0.003925501826
JPY,1977-11,0.004086593277
JPY,1977-12,0.004148983354
JPY,1978-01,0.004147983458
JPY,1978-02,0.004160214867
JPY,1978-03,0.004312995833
JPY,1978-04,0.004507407925
JPY,1978-05,0.004421284772
JPY,1978-06,0.004670575004
JPY,1978-07,0.005007624108
JPY,1978-08,0.005299147473
JPY,1978-09,0.005265388757
JPY,1978-10,0.005445703612
JPY,1978-11,0.00520447064
JPY,1978-12,0.005103212472
JPY,1979-01,0.005056762155
JPY,1979-02,0.004987352075
JPY,1979-03,0.004846755291
JPY,1979-04,0.004623524864
JPY,1979-05,0.004578458991
JPY,1979-06,0.004574634475
JPY,1979-07,0.004618724308
JPY,1979-08,0.004588719917
JPY,1979-09,0.004496125913
JPY,1979-10,0.004338686549
JPY,1979-11,0.004081895894
JPY,1979-12,0.00416017506
JPY,1980-01,0.004203648262
JPY,1980-02,0.00409249028
JPY,1980-03,0.004024491445
JPY,1980-04,0.003995604835
JPY,1980-05,0.004373905977
JPY,1980-06,0.00458889048
JPY,1980-07,0.004522095865
JPY,1980-08,0.004466004328
JPY,1980-09,0.004663815832
JPY,1980-10,0.004777312733
JPY,1980-11,0.004692502648
JPY,1980-12,0.004773529443
JPY,1981-01,0.00494152447
JPY,1981-02,0.004861054061
JPY,1981-03,0.004789460122
JPY,1981-04,0.004651684212
JPY,1981-05,0.004532506
JPY,1981-06,0.004460691273
JPY,1981-07,0.004304294696
JPY,1981-08,0.00428584531
JPY,1981-09,0.00435765924
JPY,1981-10,0.004319299928
JPY,1981-11,0.00448175857
JPY,1981-12,0.00456715893
JPY,1982-01,0.004448299637
JPY,1982-02,0.00424979261
JPY,1982-03,0.004145450596
JPY,1982-04,0.004096567568
JPY,1982-05,0.004220059207
JPY,1982-06,0.003980928169
JPY,1982-07,0.003921091946
JPY,1982-08,0.003860325696
JPY,1982-09,0.003798155388
JPY,1982-10,0.003681681792
JPY,1982-11,0.003786618016
JPY,1982-12,0.00413323397
JPY,1983-01,0.004296806184
JPY,1983-02,0.004235114947
JPY,1983-03,0.004197196021
JPY,1983-04,0.004206157225
JPY,1983-05,0.004259747474
JPY,1983-06,0.004166121599
JPY,1983-07,0.004157727552
JPY,1983-08,0.004090627024
JPY,1983-09,0.004126328368
JPY,1983-10,0.004293955613
JPY,1983-11,0.004254775986
JPY,1983-12,0.004265076191
JPY,1984-01,0.004277159966
JPY,1984-02,0.004280889723
JPY,1984-03,0.004439188445
JPY,1984-04,0.004440497336
JPY,1984-05,0.004338814558
JPY,1984-06,0.004281450573
JPY,1984-07,0.004114081844
JPY,1984-08,0.004127781247
JPY,1984-09,0.004074036653
JPY,1984-10,0.004052610996
JPY,1984-11,0.004104576397
JPY,1984-12,0.004032843477
JPY,1985-01,0.003934174958
JPY,1985-02,0.003839098764
JPY,1985-03,0.0038771637
JPY,1985-04,0.003970688378
JPY,1985-05,0.00397251812
JPY,1985-06,0.00401864652
JPY,1985-07,0.004147030477
JPY,1985-08,0.004211219616
JPY,1985-09,0.004227838201
JPY,1985-10,0.004658084922
JPY,1985-11,0.00490019047
JPY,1985-12,0.004931255828
JPY,1986-01,0.005002739
JPY,1986-02,0.005409744898
JPY,1986-03,0.00559616506
JPY,1986-04,0.005711289735
JPY,1986-05,0.005986898272
JPY,1986-06,0.005968656199
JPY,1986-07,0.006304935693
JPY,1986-08,0.006486047539
JPY,1986-09,0.006462812332
JPY,1986-10,0.006390907528
JPY,1986-11,0.006140642827
JPY,1986-12,0.006170847313
JPY,1987-01,0.006458717492
JPY,1987-02,0.006518615863
JPY,1987-03,0.00660357174
JPY,1987-04,0.006997969189
JPY,1987-05,0.007118501698
JPY,1987-06,0.006918045375
JPY,1987-07,0.006653629988
JPY,1987-08,0.006787285785
JPY,1987-09,0.006978805368
JPY,1987-10,0.006977393246
JPY,1987-11,0.007385666194
JPY,1987-12,0.007797769526
JPY,1988-01,0.007831755104
JPY,1988-02,0.007741945473
JPY,1988-03,0.007866960262
JPY,1988-04,0.008006558973
JPY,1988-05,0.008013648847
JPY,1988-06,0.00784526009
JPY,1988-07,0.007517581744
JPY,1988-08,0.007475735631
JPY,1988-09,0.007445040709
JPY,1988-10,0.007771185222
JPY,1988-11,0.008116751351
JPY,1988-12,0.008090117436
JPY,1989-01,0.007851604672
JPY,1989-02,0.007828560782
JPY,1989-03,0.007659876952
JPY,1989-04,0.007573663343
JPY,1989-05,0.007253546259
JPY,1989-06,0.00694536567
JPY,1989-07,0.007121289808
JPY,1989-08,0.007067877064
JPY,1989-09,0.006893223961
JPY,1989-10,0.007032017479
JPY,1989-11,0.006966975838
JPY,1989-12,0.00695966872
JPY,1990-01,0.006897412712
JPY,1990-02,0.006863738321
JPY,1990-03,0.006522808304
JPY,1990-04,0.006310796637
JPY,1990-05,0.006491647522
JPY,1990-06,0.006506362898
JPY,1990-07,0.006709630668
JPY,1990-08,0.006781458678
JPY,1990-09,0.007223319766
JPY,1990-10,0.007716591211
JPY,1990-11,0.007739009639
JPY,1990-12,0.00746887347
JPY,1991-01,0.007479509883
JPY,1991-02,0.007660733684
JPY,1991-03,0.007278724942
JPY,1991-04,0.007293270426
JPY,1991-05,0.007234748788
JPY,1991-06,0.007155763073
JPY,1991-07,0.007255314518
JPY,1991-08,0.007309065287
JPY,1991-09,0.007446044103
JPY,1991-10,0.007646879347
JPY,1991-11,0.007714138705
JPY,1991-12,0.007810089855
JPY,1992-01,0.007970578999
JPY,1992-02,0.007830921018
JPY,1992-03,0.0075265669
JPY,1992-04,0.007488421029
JPY,1992-05,0.007646955365
JPY,1992-06,0.007884227996
JPY,1992-07,0.007943966438
JPY,1992-08,0.007921984299
JPY,1992-09,0.008156826407
JPY,1992-10,0.008253194812
JPY,1992-11,0.008072328059
JPY,1992-12,0.008061857017
JPY,1993-01,0.008000435224
JPY,1993-02,0.008280921998
JPY,1993-03,0.008545737642
JPY,1993-04,0.0088958949
JPY,1993-05,0.0090626501
JPY,1993-06,0.009309964082
JPY,1993-07,0.009285792552
JPY,1993-08,0.009637160892
JPY,1993-09,0.009471957323
JPY,1993-10,0.009344047842
JPY,1993-11,0.009269859515
JPY,1993-12,0.009098104865
JPY,1994-01,0.008973317839
JPY,1994-02,0.009407240377
JPY,1994-03,0.009514983244
JPY,1994-04,0.009663301583
JPY,1994-05,0.009638247651
JPY,1994-06,0.009753585418
JPY,1994-07,0.01015795622
JPY,1994-08,0.01000596355
JPY,1994-09,0.01012409098
JPY,1994-10,0.01016745803
JPY,1994-11,0.01019950226
JPY,1994-12,0.009981793209
JPY,1995-01,0.01002345488
JPY,1995-02,0.01017948467
JPY,1995-03,0.01104733119
JPY,1995-04,0.01194893027
JPY,1995-05,0.01174912792
JPY,1995-06,0.01181537298
JPY,1995-07,0.01144204034
JPY,1995-08,0.01055539312
JPY,1995-09,0.009945745956
JPY,1995-10,0.009916798064
JPY,1995-11,0.009809691976
JPY,1995-12,0.009818408534
JPY,1996-01,0.009456139588
JPY,1996-02,0.009452868
JPY,1996-03,0.009439305267
JPY,1996-04,0.009328401718
JPY,1996-05,0.009403595747
JPY,1996-06,0.009177679883
JPY,1996-07,0.009158272347
JPY,1996-08,0.009270770466
JPY,1996-09,0.00909661515
JPY,1996-10,0.008895823678
JPY,1996-11,0.008905052549
JPY,1996-12,0.008773392057
JPY,1997-01,0.008480872241
JPY,1997-02,0.008132587196
JPY,1997-03,0.008145060265
JPY,1997-04,0.007959394354
JPY,1997-05,0.008389796665
JPY,1997-06,0.008750001094
JPY,1997-07,0.008667321338
JPY,1997-08,0.008479642498
JPY,1997-09,0.008271982794
JPY,1997-10,0.008260332644
JPY,1997-11,0.007975645569
JPY,1997-12,0.007708073668
JPY,1998-01,0.007719176364
JPY,1998-02,0.007945866401
JPY,1998-03,0.007746995521
JPY,1998-04,0.007589925437
JPY,1998-05,0.007413118254
JPY,1998-06,0.007126034611
JPY,1998-07,0.007102908357
JPY,1998-08,0.006911805364
JPY,1998-09,0.007436022323
JPY,1998-10,0.008261144697
JPY,1998-11,0.008313277551
JPY,1998-12,0.008541832343
JPY,1999-01,0.008826904405
JPY,1999-02,0.008571301226
JPY,1999-03,0.008370091987
JPY,1999-04,0.008349175895
JPY,1999-05,0.008196754905
JPY,1999-06,0.008283322772
JPY,1999-07,0.008380087237
JPY,1999-08,0.008831831333
JPY,1999-09,0.009356707637
JPY,1999-10,0.009437078281
JPY,1999-11,0.009555798698
JPY,1999-12,0.009748080359
JPY,2000-01,0.009497036924
JPY,2000-02,0.009141728792
JPY,2000-03,0.009406682884
JPY,2000-04,0.009467276359
JPY,2000-05,0.009231862851
JPY,2000-06,0.009422806017
JPY,2000-07,0.009241161984
JPY,2000-08,0.009252371383
JPY,2000-09,0.00936000936
JPY,2000-10,0.009221442805
JPY,2000-11,0.0091735124
JPY,2000-12,0.00891194111
JPY,2001-01,0.008571044099
JPY,2001-02,0.008603356858
JPY,2001-03,0.008230113987
JPY,2001-04,0.008079437025
JPY,2001-05,0.008212324728
JPY,2001-06,0.008173206594
JPY,2001-07,0.008032251095
JPY,2001-08,0.008239472015
JPY,2001-09,0.008430871491
JPY,2001-10,0.008233597028
JPY,2001-11,0.008169567544
JPY,2001-12,0.007837328411
JPY,2002-01,0.007536743509
JPY,2002-02,0.007482644007
JPY,2002-03,0.007630034869
JPY,2002-04,0.007646908584
JPY,2002-05,0.007912957468
JPY,2002-06,0.00811092501
JPY,2002-07,0.008481828954
JPY,2002-08,0.008403876876
JPY,2002-09,0.008259138737
JPY,2002-10,0.008070523462
JPY,2002-11,0.008223149976
JPY,2002-12,0.00820392328
JPY,2003-01,0.008416566159
JPY,2003-02,0.008379567598
JPY,2003-03,0.008425515494
JPY,2003-04,0.008340631386
JPY,2003-05,0.008520202679
JPY,2003-06,0.008451013699
JPY,2003-07,0.008424890834
JPY,2003-08,0.008427269295
JPY,2003-09,0.008710801394
JPY,2003-10,0.009132795412
JPY,2003-11,0.009159371227
JPY,2003-12,0.009281802006
JPY,2004-01,0.009410126237
JPY,2004-02,0.009371377377
JPY,2004-03,0.00921525641
JPY,2004-04,0.009288811441
JPY,2004-05,0.008912973725
JPY,2004-06,0.009137961284
JPY,2004-07,0.009133496092
JPY,2004-08,0.009071644217
JPY,2004-09,0.009083361643
JPY,2004-10,0.009192570564
JPY,2004-11,0.009551189601
JPY,2004-12,0.009632946217
JPY,2005-01,0.009676701406
JPY,2005-02,0.009528873439
JPY,2005-03,0.009500799492
JPY,2005-04,0.009328897753
JPY,2005-05,0.009381285461
JPY,2005-06,0.009195630604
JPY,2005-07,0.00893227992
JPY,2005-08,0.009041059974
JPY,2005-09,0.00898965291
JPY,2005-10,0.008705531059
JPY,2005-11,0.008442095666
JPY,2005-12,0.008441497049
JPY,2006-01,0.008659770603
JPY,2006-02,0.008484606802
JPY,2006-03,0.008526762951
JPY,2006-04,0.008541934492
JPY,2006-05,0.008950107625
JPY,2006-06,0.008724100327
JPY,2006-07,0.008638040201
JPY,2006-08,0.008626319072
JPY,2006-09,0.008531367706
JPY,2006-10,0.00843106341
JPY,2006-11,0.008523659548
JPY,2006-12,0.00852355057
JPY,2007-01,0.008302399975
JPY,2007-02,0.008298431513
JPY,2007-03,0.008528057309
JPY,2007-04,0.008408137732
JPY,2007-05,0.008279982645
JPY,2007-06,0.008150716529
JPY,2007-07,0.008236228203
JPY,2007-08,0.008566521179
JPY,2007-09,0.008692364193
JPY,2007-10,0.008630652106
JPY,2007-11,0.009003096165
JPY,2007-12,0.008892920346
JPY,2008-01,0.009274880563
JPY,2008-02,0.009343174811
JPY,2008-03,0.009924947547
JPY,2008-04,0.009739213091
JPY,2008-05,0.009582261318
JPY,2008-06,0.009353207028
JPY,2008-07,0.009358756708
JPY,2008-08,0.009143910521
JPY,2008-09,0.009383081179
JPY,2008-10,0.01000341116
JPY,2008-11,0.01031293572
JPY,2008-12,0.01095590249
JPY,2009-01,0.01109625446
JPY,2009-02,0.01076243222
JPY,2009-03,0.01021920188
JPY,2009-04,0.01010917913
JPY,2009-05,0.01034720031
JPY,2009-06,0.01035041324
JPY,2009-07,0.01059692477
JPY,2009-08,0.01053772981
JPY,2009-09,0.0109559265
JPY,2009-10,0.01106597423
JPY,2009-11,0.01120229782
JPY,2009-12,0.01111717615
JPY,2010-01,0.01097681587
JPY,2010-02,0.01109391554
JPY,2010-03,0.01102340158
JPY,2010-04,0.01070060041
JPY,2010-05,0.01087275613
JPY,2010-06,0.01101250029
JPY,2010-07,0.01142850612
JPY,2010-08,0.0117133463
JPY,2010-09,0.01185436673
JPY,2010-10,0.01223563384
JPY,2010-11,0.01211856807
JPY,2010-12,0.01199938563
JPY,2011-01,0.01210287443
JPY,2011-02,0.01211580774
JPY,2011-03,0.01224784744
JPY,2011-04,0.01202253986
JPY,2011-05,0.01232655003
JPY,2011-06,0.01243380553
JPY,2011-07,0.0126194908
JPY,2011-08,0.01299280069
JPY,2011-09,0.01302156241
JPY,2011-10,0.01304750597
JPY,2011-11,0.01289332706
JPY,2011-12,0.01285401566
JPY,2012-01,0.01299308768
JPY,2012-02,0.01274372372
JPY,2012-03,0.01212622429
JPY,2012-04,0.01230732877
JPY,2012-05,0.01255228025
JPY,2012-06,0.01260792383
JPY,2012-07,0.01266868352
JPY,2012-08,0.01270794971
JPY,2012-09,0.01279831267
JPY,2012-10,0.01265611316
JPY,2012-11,0.01234103208
JPY,2012-12,0.01193452718
JPY,2013-01,0.01122862491
JPY,2013-02,0.01075250318
JPY,2013-03,0.0105518624
JPY,2013-04,0.01022932092
JPY,2013-05,0.009908976145
JPY,2013-06,0.01028436263
JPY,2013-07,0.01003283748
JPY,2013-08,0.01022366308
JPY,2013-09,0.01007962907
JPY,2013-10,0.01022808633
JPY,2013-11,0.009992635428
JPY,2013-12,0.009665571235
JPY,2014-01,0.009637495254
JPY,2014-02,0.0097918929
JPY,2014-03,0.009771398141
JPY,2014-04,0.009760077768
JPY,2014-05,0.009825711529
JPY,2014-06,0.009797879543
JPY,2014-07,0.009828975821
JPY,2014-08,0.009714038145
JPY,2014-09,0.00930875945
JPY,2014-10,0.009256996438
JPY,2014-11,0.008598496639
JPY,2014-12,0.008380592893
JPY,2015-01,0.008456659619
JPY,2015-02,0.00842034355
JPY,2015-03,0.008306027269
JPY,2015-04,0.008367535635
JPY,2015-05,0.008278282753
JPY,2015-06,0.008082859004
JPY,2015-07,0.008109583176
JPY,2015-08,0.008129830135
JPY,2015-09,0.008323095925
JPY,2015-10,0.008329994394
JPY,2015-11,0.008153733758
JPY,2015-12,0.008221317877
JPY,2016-01,0.008458390639
JPY,2016-02,0.008724823431
JPY,2016-03,0.008854909649
JPY,2016-04,0.009128093625
JPY,2016-05,0.009187114888
JPY,2016-06,0.00949208787
JPY,2016-07,0.009597757964
JPY,2016-08,0.009877684631
JPY,2016-09,0.009824697915
JPY,2016-10,0.009623944374
JPY,2016-11,0.009221434302
JPY,2016-12,0.008620830858
JPY,2017-01,0.008705334019
JPY,2017-02,0.008856485959
JPY,2017-03,0.008856101633
JPY,2017-04,0.009083394646
JPY,2017-05,0.008909193932
JPY,2017-06,0.009015986245
JPY,2017-07,0.008895451756
JPY,2017-08,0.009105229133
JPY,2017-09,0.009027226114
JPY,2017-10,0.008856234967
JPY,2017-11,0.008863755219
JPY,2017-12,0.0088542197
JPY,2018-01,0.00901949112
JPY,2018-02,0.00926183199
JPY,2018-03,0.009429798919
JPY,2018-04,0.009288828697
JPY,2018-05,0.009116750936
JPY,2018-06,0.00908563942
JPY,2018-07,0.008966921028
JPY,2018-08,0.009009293086
JPY,2018-09,0.008920813507
JPY,2018-10,0.008871398434
JPY,2018-11,0.008823166105
JPY,2018-12,0.008912703633
JPY,2019-01,0.009177637768
JPY,2019-02,0.00905469033
JPY,2019-03,0.008997312503
JPY,2019-04,0.008957250626
JPY,2019-05,0.009093273342
JPY,2019-06,0.009253390211
JPY,2019-07,0.009234770017
JPY,2019-08,0.009417206743
JPY,2019-09,0.009298865538
JPY,2019-10,0.009247545701
JPY,2019-11,0.009186287812
JPY,2019-12,0.009165818828
JPY,2020-01,0.009151919112
JPY,2020-02,0.009088471728
JPY,2020-03,0.009287871062
JPY,2020-04,0.00928172447
JPY,2020-05,0.009328358209
JPY,2020-06,0.009295563599
JPY,2020-07,0.009373670111
JPY,2020-08,0.009432814308
JPY,2020-09,0.009470683499
JPY,2020-10,0.009504845095
JPY,2020-11,0.009577984428
JPY,2020-12,0.009634356887
JPY,2021-01,0.009634997394
JPY,2021-02,0.009489700828
JPY,2021-03,0.009199708185
JPY,2021-04,0.009170567979
JPY,2021-05,0.009164894787
JPY,2021-06,0.009082049964
JPY,2021-07,0.009073232784
JPY,2021-08,0.009103098968
JPY,2021-09,0.009077622752
JPY,2021-10,0.00884005251
JPY,2021-11,0.008774623788
JPY,2021-12,0.008784806501
JPY,2022-01,0.008708866933
JPY,2022-02,0.00867481
JPY,2022-03,0.008433310226
JPY,2022-04,0.007913001299
JPY,2022-05,0.007761046686
JPY,2022-06,0.007464809024
JPY,2022-07,0.007314807365
JPY,2022-08,0.00739188445
JPY,2022-09,0.006979131698
JPY,2022-10,0.006800338657
JPY,2022-11,0.007020253431
JPY,2022-12,0.007412085257
JPY,2023-01,0.00766591924
JPY,2023-02,0.007516180457
JPY,2023-03,0.007481429222
JPY,2023-04,0.007492067773
JPY,2023-05,0.007296436712
JPY,2023-06,0.007074232039
JPY,2023-07,0.007095419197
JPY,2023-08,0.006907012275
JPY,2023-09,0.006763840509
JPY,2023-10,0.006684791364
JPY,2023-11,0.006680963929
JPY,2023-12,0.006945336727
JPY,2024-01,0.006835536313
JPY,2024-02,0.006683821809
JPY,2024-03,0.006674738651
JPY,2024-04,0.006498148028
JPY,2024-05,0.00641563979
JPY,2024-06,0.006334726973
JPY,2024-07,0.006348472748
JPY,2024-08,0.006836947686
JPY,2024-09,0.006995257216
JPY,2024-10,0.006671519085
JPY,2024-11,0.006505647553
JPY,2024-12,0.006501346104
JPY,2025-01,0.006390515453
JPY,2025-02,0.00659754202
JPY,2025-03,0.006708815921
JPY,2025-04,0.006938248203
JPY,2025-05,0.006902444984
JPY,2025-06,0.006921205536
JPY,2025-07,0.00679341365
JPY,2025-08,0.006780644785
JPY,2025-09,0.006763021691
JPY,2025-10,0.006607005408
JPY,2025-11,0.006445745196
JPY,2025-12,0.006413751082
JPY,2026-01,0.00638363746
JPY,2026-02,0.006447386745
JPY,2026-03,0.0063018842
JPY,2026-04,0.006284671748
JPY,2026-05,0.006322991028
JPY,2026-06,0.006220065933
JPY,2026-07,0.00616030974
JPY,2026-08,0.006295342202
MXN,1993-11,0.317480475
MXN,1993-12,0.3217192678
MXN,1994-01,0.3217710277
MXN,1994-02,0.3203280159
MXN,1994-03,0.3027917398
MXN,1994-04,0.2985520227
MXN,1994-05,0.3015045075
MXN,1994-06,0.2969914763
MXN,1994-07,0.2938497253
MXN,1994-08,0.2957354942
MXN,1994-09,0.2939274587
MXN,1994-10,0.2922951011
MXN,1994-11,0.290486565
MXN,1994-12,0.2515849854
MXN,1995-01,0.1772892474
MXN,1995-02,0.1761214534
MXN,1995-03,0.1475579165
MXN,1995-04,0.1605522999
MXN,1995-05,0.1673892302
MXN,1995-06,0.160436387
MXN,1995-07,0.163345312
MXN,1995-08,0.1611681467
MXN,1995-09,0.1583105102
MXN,1995-10,0.1482535729
MXN,1995-11,0.1299781637
MXN,1995-12,0.1300897619
MXN,1996-01,0.1336791166
MXN,1996-02,0.1330087919
MXN,1996-03,0.1321318147
MXN,1996-04,0.1338795619
MXN,1996-05,0.1344664372
MXN,1996-06,0.1321912014
MXN,1996-07,0.1312697725
MXN,1996-08,0.1330795949
MXN,1996-09,0.1325539163
MXN,1996-10,0.1292908397
MXN,1996-11,0.1263918907
MXN,1996-12,0.1269534969
MXN,1997-01,0.1277318653
MXN,1997-02,0.1281673353
MXN,1997-03,0.1256881426
MXN,1997-04,0.1264878129
MXN,1997-05,0.1265230209
MXN,1997-06,0.125789328
MXN,1997-07,0.1270987176
MXN,1997-08,0.1285049731
MXN,1997-09,0.128519837
MXN,1997-10,0.127051888
MXN,1997-11,0.1208955946
MXN,1997-12,0.1230451206
MXN,1998-01,0.1215480358
MXN,1998-02,0.1176180003
MXN,1998-03,0.1167119898
MXN,1998-04,0.1176235341
MXN,1998-05,0.1164849501
MXN,1998-06,0.1121076233
MXN,1998-07,0.1123721766
MXN,1998-08,0.1067099198
MXN,1998-09,0.09785501801
MXN,1998-10,0.09843100971
MXN,1998-11,0.1003159954
MXN,1998-12,0.1009417869
MXN,1999-01,0.09873715183
MXN,1999-02,0.09994303247
MXN,1999-03,0.1027495787
MXN,1999-04,0.1060400407
MXN,1999-05,0.1064339311
MXN,1999-06,0.1051016333
MXN,1999-07,0.1067247249
MXN,1999-08,0.1064067504
MXN,1999-09,0.1070514811
MXN,1999-10,0.1044364609
MXN,1999-11,0.1062010811
MXN,1999-12,0.1060771605
MXN,2000-01,0.1053352294
MXN,2000-02,0.1060839124
MXN,2000-03,0.1076588506
MXN,2000-04,0.1064543258
MXN,2000-05,0.1051978245
MXN,2000-06,0.1016849191
MXN,2000-07,0.1061661288
MXN,2000-08,0.1078469436
MXN,2000-09,0.1068204882
MXN,2000-10,0.1048547761
MXN,2000-11,0.1051734837
MXN,2000-12,0.1056267362
MXN,2001-01,0.1023667185
MXN,2001-02,0.1029781274
MXN,2001-03,0.1041775185
MXN,2001-04,0.1072087139
MXN,2001-05,0.1093194862
MXN,2001-06,0.1100340005
MXN,2001-07,0.1090726642
MXN,2001-08,0.1094906495
MXN,2001-09,0.1060974186
MXN,2001-10,0.107076699
MXN,2001-11,0.108401084
MXN,2001-12,0.1092013017
MXN,2002-01,0.1091274172
MXN,2002-02,0.1098297639
MXN,2002-03,0.1103265666
MXN,2002-04,0.1091119379
MXN,2002-05,0.1051535768
MXN,2002-06,0.1023845358
MXN,2002-07,0.1022578534
MXN,2002-08,0.1016373782
MXN,2002-09,0.0992969774
MXN,2002-10,0.09906777226
MXN,2002-11,0.09808537351
MXN,2002-12,0.09779855454
MXN,2003-01,0.09414157009
MXN,2003-02,0.0913684249
MXN,2003-03,0.09169853191
MXN,2003-04,0.09444029956
MXN,2003-05,0.09753433208
MXN,2003-06,0.09521270518
MXN,2003-07,0.09561966323
MXN,2003-08,0.09273856997
MXN,2003-09,0.09155077864
MXN,2003-10,0.08944863859
MXN,2003-11,0.08969092507
MXN,2003-12,0.08887703862
MXN,2004-01,0.09157257584
MXN,2004-02,0.09064621688
MXN,2004-03,0.09075233687
MXN,2004-04,0.08873035732
MXN,2004-05,0.08680630908
MXN,2004-06,0.08777627583
MXN,2004-07,0.08720068365
MXN,2004-08,0.08775547814
MXN,2004-09,0.08705493166
MXN,2004-10,0.08769083718
MXN,2004-11,0.08794301293
MXN,2004-12,0.08927614898
MXN,2005-01,0.08878865636
MXN,2005-02,0.08978836881
MXN,2005-03,0.08964429145
MXN,2005-04,0.08999199071
MXN,2005-05,0.09110455158
MXN,2005-06,0.09242400436
MXN,2005-07,0.09369963645
MXN,2005-08,0.09357863413
MXN,2005-09,0.09271449498
MXN,2005-10,0.0922900862
MXN,2005-11,0.09370753877
MXN,2005-12,0.09410347618
MXN,2006-01,0.094856861
MXN,2006-02,0.09538162187
MXN,2006-03,0.09302931354
MXN,2006-04,0.09050674728
MXN,2006-05,0.09016482129
MXN,2006-06,0.08777011252
MXN,2006-07,0.09104980424
MXN,2006-08,0.09196670805
MXN,2006-09,0.09100174723
MXN,2006-10,0.09186616936
MXN,2006-11,0.09163131225
MXN,2006-12,0.09212684023
MXN,2007-01,0.09127502077
MXN,2007-02,0.09094960482
MXN,2007-03,0.08997336788
MXN,2007-04,0.09107302235
MXN,2007-05,0.09240350764
MXN,2007-06,0.09231053263
MXN,2007-07,0.09246759011
MXN,2007-08,0.09054854307
MXN,2007-09,0.09064621688
MXN,2007-10,0.09240948491
MXN,2007-11,0.0919024731
MXN,2007-12,0.09219733918
MXN,2008-01,0.09169516858
MXN,2008-02,0.09286861877
MXN,2008-03,0.09317233154
MXN,2008-04,0.09510585281
MXN,2008-05,0.095802876
MXN,2008-06,0.09683448082
MXN,2008-07,0.09794894901
MXN,2008-08,0.09885916523
MXN,2008-09,0.09377959919
MXN,2008-10,0.07899330927
MXN,2008-11,0.07622764624
MXN,2008-12,0.07453397631
MXN,2009-01,0.07202587169
MXN,2009-02,0.06846220202
MXN,2009-03,0.06827523111
MXN,2009-04,0.07460737867
MXN,2009-05,0.07581788544
MXN,2009-06,0.07495465244
MXN,2009-07,0.07483741571
MXN,2009-08,0.07688581687
MXN,2009-09,0.07459346561
MXN,2009-10,0.0756000756
MXN,2009-11,0.07626892423
MXN,2009-12,0.07774719721
MXN,2010-01,0.07806645016
MXN,2010-02,0.07728214164
MXN,2010-03,0.07957158658
MXN,2010-04,0.08170201641
MXN,2010-05,0.07857805158
MXN,2010-06,0.0786769681
MXN,2010-07,0.07810181352
MXN,2010-08,0.07833307222
MXN,2010-09,0.07813904061
MXN,2010-10,0.08039037566
MXN,2010-11,0.08105304111
MXN,2010-12,0.08070894739
MXN,2011-01,0.08245382586
MXN,2011-02,0.08288506328
MXN,2011-03,0.0833590357
MXN,2011-04,0.08542700689
MXN,2011-05,0.08580597553
MXN,2011-06,0.08470628097
MXN,2011-07,0.08565970824
MXN,2011-08,0.08172204697
MXN,2011-09,0.07654799176
MXN,2011-10,0.07441638947
MXN,2011-11,0.07301668431
MXN,2011-12,0.0725973894
MXN,2012-01,0.07472222015
MXN,2012-02,0.07822706187
MXN,2012-03,0.0784172267
MXN,2012-04,0.07659372391
MXN,2012-05,0.07342197813
MXN,2012-06,0.07184269324
MXN,2012-07,0.0748290157
MXN,2012-08,0.07587656401
MXN,2012-09,0.07737841916
MXN,2012-10,0.07753380474
MXN,2012-11,0.07654681986
MXN,2012-12,0.07772967175
MXN,2013-01,0.07876248385
MXN,2013-02,0.07858607926
MXN,2013-03,0.08
MXN,2013-04,0.08192624999
MXN,2013-05,0.08130544015
MXN,2013-06,0.07713906631
MXN,2013-07,0.07836069428
MXN,2013-08,0.07744733581
MXN,2013-09,0.07659724403
MXN,2013-10,0.0769728132
MXN,2013-11,0.07657143732
MXN,2013-12,0.07686454162
MXN,2014-01,0.07563152322
MXN,2014-02,0.07522869523
MXN,2014-03,0.07579834608
MXN,2014-04,0.07652924565
MXN,2014-05,0.07732158045
MXN,2014-06,0.07696333467
MXN,2014-07,0.07697399818
MXN,2014-08,0.0760826562
MXN,2014-09,0.07554581854
MXN,2014-10,0.07418672799
MXN,2014-11,0.07344948145
MXN,2014-12,0.06886815192
MXN,2015-01,0.06804017092
MXN,2015-02,0.0670376081
MXN,2015-03,0.06562756358
MXN,2015-04,0.06581415399
MXN,2015-05,0.06544673944
MXN,2015-06,0.06460282185
MXN,2015-07,0.06269002915
MXN,2015-08,0.0604814322
MXN,2015-09,0.05938700731
MXN,2015-10,0.06035112283
MXN,2015-11,0.06013012158
MXN,2015-12,0.05858368093
MXN,2016-01,0.05535627297
MXN,2016-02,0.05424994033
MXN,2016-03,0.05672053227
MXN,2016-04,0.05720987442
MXN,2016-05,0.05513895015
MXN,2016-06,0.05360838006
MXN,2016-07,0.0537186753
MXN,2016-08,0.05412954282
MXN,2016-09,0.05196532873
MXN,2016-10,0.05293469975
MXN,2016-11,0.04997850924
MXN,2016-12,0.04878239151
MXN,2017-01,0.04674841406
MXN,2017-02,0.0492591425
MXN,2017-03,0.05186721992
MXN,2017-04,0.05328445373
MXN,2017-05,0.05328615732
MXN,2017-06,0.05515932772
MXN,2017-07,0.05615422196
MXN,2017-08,0.0561895611
MXN,2017-09,0.05608367685
MXN,2017-10,0.05313072816
MXN,2017-11,0.05282452748
MXN,2017-12,0.05214715928
MXN,2018-01,0.05287703973
MXN,2018-02,0.05362706665
MXN,2018-03,0.05379207212
MXN,2018-04,0.0543844765
MXN,2018-05,0.05114435494
MXN,2018-06,0.04929070673
MXN,2018-07,0.0526714984
MXN,2018-08,0.05301299348
MXN,2018-09,0.05263407214
MXN,2018-10,0.05209472906
MXN,2018-11,0.0493954003
MXN,2018-12,0.04975817527
MXN,2019-01,0.05216375245
MXN,2019-02,0.05209608602
MXN,2019-03,0.05196370855
MXN,2019-04,0.05273121319
MXN,2019-05,0.05232588562
MXN,2019-06,0.05188659665
MXN,2019-07,0.05250666835
MXN,2019-08,0.05080577967
MXN,2019-09,0.05115874559
MXN,2019-10,0.05176170979
MXN,2019-11,0.05174349714
MXN,2019-12,0.052349443
MXN,2020-01,0.05317282231
MXN,2020-02,0.05307207719
MXN,2020-03,0.04468574748
MXN,2020-04,0.04135683504
MXN,2020-05,0.04250977725
MXN,2020-06,0.04482917842
MXN,2020-07,0.04465242552
MXN,2020-08,0.04504159591
MXN,2020-09,0.04616528094
MXN,2020-10,0.0469915979
MXN,2020-11,0.04888397876
MXN,2020-12,0.05009919641
MXN,2021-01,0.05014743345
MXN,2021-02,0.04918935936
MXN,2021-03,0.04819277108
MXN,2021-04,0.04990617639
MXN,2021-05,0.0500891587
MXN,2021-06,0.04992162305
MXN,2021-07,0.05008414136
MXN,2021-08,0.0498132005
MXN,2021-09,0.04988501504
MXN,2021-10,0.04892391841
MXN,2021-11,0.04791612761
MXN,2021-12,0.04778744146
MXN,2022-01,0.04876288559
MXN,2022-02,0.04888111136
MXN,2022-03,0.04867506474
MXN,2022-04,0.04977402592
MXN,2022-05,0.0498566621
MXN,2022-06,0.04997476274
MXN,2022-07,0.04867032668
MXN,2022-08,0.04971908716
MXN,2022-09,0.04982834136
MXN,2022-10,0.05005706505
MXN,2022-11,0.0514025177
MXN,2022-12,0.05098191162
MXN,2023-01,0.05271342347
MXN,2023-02,0.05365728022
MXN,2023-03,0.05437974463
MXN,2023-04,0.05526449588
MXN,2023-05,0.05634151976
MXN,2023-06,0.05800228529
MXN,2023-07,0.05919646715
MXN,2023-08,0.0589042629
MXN,2023-09,0.05778109056
MXN,2023-10,0.05537435835
MXN,2023-11,0.05760567762
MXN,2023-12,0.05816422086
MXN,2024-01,0.05850279643
MXN,2024-02,0.0585010852
MXN,2024-03,0.05963278133
MXN,2024-04,0.05952097519
MXN,2024-05,0.05951211964
MXN,2024-06,0.05496136216
MXN,2024-07,0.05524800831
MXN,2024-08,0.05225151791
MXN,2024-09,0.05103004139
MXN,2024-10,0.05071431107
MXN,2024-11,0.04916880141
MXN,2024-12,0.04935444387
MXN,2025-01,0.04869331489
MXN,2025-02,0.04884529717
MXN,2025-03,0.04944742503
MXN,2025-04,0.04990343685
MXN,2025-05,0.05139459226
MXN,2025-06,0.05257540628
MXN,2025-07,0.05350855602
MXN,2025-08,0.05345792594
MXN,2025-09,0.05411577529
MXN,2025-10,0.05427526242
MXN,2025-11,0.05429087968
MXN,2025-12,0.05533789318
MXN,2026-01,0.05667456332
MXN,2026-02,0.05804504295
MXN,2026-03,0.05627462015
MXN,2026-04,0.0572921441
MXN,2026-05,0.05776940763
MXN,2026-06,0.05754004787
MXN,2026-07,0.05728787731
MXN,2026-08,0.05861355497
USD,1971-01,1
USD,1971-02,1
USD,1971-03,1
USD,1971-04,1
USD,1971-05,1
USD,1971-06,1
USD,1971-07,1
USD,1971-08,1
USD,1971-09,1
USD,1971-10,1
USD,1971-11,1
USD,1971-12,1
USD,1972-01,1
USD,1972-02,1
USD,1972-03,1
USD,1972-04,1
USD,1972-05,1
USD,1972-06,1
USD,1972-07,1
USD,1972-08,1
USD,1972-09,1
USD,1972-10,1
USD,1972-11,1
USD,1972-12,1
USD,1973-01,1
USD,1973-02,1
USD,1973-03,1
USD,1973-04,1
USD,1973-05,1
USD,1973-06,1
USD,1973-07,1
USD,1973-08,1
USD,1973-09,1
USD,1973-10,1
USD,1973-11,1
USD,1973-12,1
USD,1974-01,1
USD,1974-02,1
USD,1974-03,1
USD,1974-04,1
USD,1974-05,1
USD,1974-06,1
USD,1974-07,1
USD,1974-08,1
USD,1974-09,1
USD,1974-10,1
USD,1974-11,1
USD,1974-12,1
USD,1975-01,1
USD,1975-02,1
USD,1975-03,1
USD,1975-04,1
USD,1975-05,1
USD,1975-06,1
USD,1975-07,1
USD,1975-08,1
USD,1975-09,1
USD,1975-10,1
USD,1975-11,1
USD,1975-12,1
USD,1976-01,1
USD,1976-02,1
USD,1976-03,1
USD,1976-04,1
USD,1976-05,1
USD,1976-06,1
USD,1976-07,1
USD,1976-08,1
USD,1976-09,1
USD,1976-10,1
USD,1976-11,1
USD,1976-12,1
USD,1977-01,1
USD,1977-02,1
USD,1977-03,1
USD,1977-04,1
USD,1977-05,1
USD,1977-06,1
USD,1977-07,1
USD,1977-08,1
USD,1977-09,1
USD,1977-10,1
USD,1977-11,1
USD,1977-12,1
USD,1978-01,1
USD,1978-02,1
USD,1978-03,1
USD,1978-04,1
USD,1978-05,1
USD,1978-06,1
USD,1978-07,1
USD,1978-08,1
USD,1978-09,1
USD,1978-10,1
USD,1978-11,1
USD,1978-12,1
USD,1979-01,1
USD,1979-02,1
USD,1979-03,1
USD,1979-04,1
USD,1979-05,1
USD,1979-06,1
USD,1979-07,1
USD,1979-08,1
USD,1979-09,1
USD,1979-10,1
USD,1979-11,1
USD,1979-12,1
USD,1980-01,1
USD,1980-02,1
USD,1980-03,1
USD,1980-04,1
USD,1980-05,1
USD,1980-06,1
USD,1980-07,1
USD,1980-08,1
USD,1980-09,1
USD,1980-10,1
USD,1980-11,1
USD,1980-12,1
USD,1981-01,1
USD,1981-02,1
USD,1981-03,1
USD,1981-04,1
USD,1981-05,1
USD,1981-06,1
USD,1981-07,1
USD,1981-08,1
USD,1981-09,1
USD,1981-10,1
USD,1981-11,1
USD,1981-12,1
USD,1982-01,1
USD,1982-02,1
USD,1982-03,1
USD,1982-04,1
USD,1982-05,1
USD,1982-06,1
USD,1982-07,1
USD,1982-08,1
USD,1982-09,1
USD,1982-10,1
USD,1982-11,1
USD,1982-12,1
USD,1983-01,1
USD,1983-02,1
USD,1983-03,1
USD,1983-04,1
USD,1983-05,1
USD,1983-06,1
USD,1983-07,1
USD,1983-08,1
USD,1983-09,1
USD,1983-10,1
USD,1983-11,1
USD,1983-12,1
USD,1984-01,1
USD,1984-02,1
USD,1984-03,1
USD,1984-04,1
USD,1984-05,1
USD,1984-06,1
USD,1984-07,1
USD,1984-08,1
USD,1984-09,1
USD,1984-10,1
USD,1984-11,1
USD,1984-12,1
USD,1985-01,1
USD,1985-02,1
USD,1985-03,1
USD,1985-04,1
USD,1985-05,1
USD,1985-06,1
USD,1985-07,1
USD,1985-08,1
USD,1985-09,1
USD,1985-10,1
USD,1985-11,1
USD,1985-12,1
USD,1986-01,1
USD,1986-02,1
USD,1986-03,1
USD,1986-04,1
USD,1986-05,1
USD,1986-06,1
USD,1986-07,1
USD,1986-08,1
USD,1986-09,1
USD,1986-10,1
USD,1986-11,1
USD,1986-12,1
USD,1987-01,1
USD,1987-02,1
USD,1987-03,1
USD,1987-04,1
USD,1987-05,1
USD,1987-06,1
USD,1987-07,1
USD,1987-08,1
USD,1987-09,1
USD,1987-10,1
USD,1987-11,1
USD,1987-12,1
USD,1988-01,1
USD,1988-02,1
USD,1988-03,1
USD,1988-04,1
USD,1988-05,1
USD,1988-06,1
USD,1988-07,1
USD,1988-08,1
USD,1988-09,1
USD,1988-10,1
USD,1988-11,1
USD,1988-12,1
USD,1989-01,1
USD,1989-02,1
USD,1989-03,1
USD,1989-04,1
USD,1989-05,1
USD,1989-06,1
USD,1989-07,1
USD,1989-08,1
USD,1989-09,1
USD,1989-10,1
USD,1989-11,1
USD,1989-12,1
USD,1990-01,1
USD,1990-02,1
USD,1990-03,1
USD,1990-04,1
USD,1990-05,1
USD,1990-06,1
USD,1990-07,1
USD,1990-08,1
USD,1990-09,1
USD,1990-10,1
USD,1990-11,1
USD,1990-12,1
USD,1991-01,1
USD,1991-02,1
USD,1991-03,1
USD,1991-04,1
USD,1991-05,1
USD,1991-06,1
USD,1991-07,1
USD,1991-08,1
USD,1991-09,1
USD,1991-10,1
USD,1991-11,1
USD,1991-12,1
USD,1992-01,1
USD,1992-02,1
USD,1992-03,1
USD,1992-04,1
USD,1992-05,1
USD,1992-06,1
USD,1992-07,1
USD,1992-08,1
USD,1992-09,1
USD,1992-10,1
USD,1992-11,1
USD,1992-12,1
USD,1993-01,1
USD,1993-02,1
USD,1993-03,1
USD,1993-04,1
USD,1993-05,1
USD,1993-06,1
USD,1993-07,1
USD,1993-08,1
USD,1993-09,1
USD,1993-10,1
USD,1993-11,1
USD,1993-12,1
USD,1994-01,1
USD,1994-02,1
USD,1994-03,1
USD,1994-04,1
USD,1994-05,1
USD,1994-06,1
USD,1994-07,1
USD,1994-08,1
USD,1994-09,1
USD,1994-10,1
USD,1994-11,1
USD,1994-12,1
USD,1995-01,1
USD,1995-02,1
USD,1995-03,1
USD,1995-04,1
USD,1995-05,1
USD,1995-06,1
USD,1995-07,1
USD,1995-08,1
USD,1995-09,1
USD,1995-10,1
USD,1995-11,1
USD,1995-12,1
USD,1996-01,1
USD,1996-02,1
USD,1996-03,1
USD,1996-04,1
USD,1996-05,1
USD,1996-06,1
USD,1996-07,1
USD,1996-08,1
USD,1996-09,1
USD,1996-10,1
USD,1996-11,1
USD,1996-12,1
USD,1997-01,1
USD,1997-02,1
USD,1997-03,1
USD,1997-04,1
USD,1997-05,1
USD,1997-06,1
USD,1997-07,1
USD,1997-08,1
USD,1997-09,1
USD,1997-10,1
USD,1997-11,1
USD,1997-12,1
USD,1998-01,1
USD,1998-02,1
USD,1998-03,1
USD,1998-04,1
USD,1998-05,1
USD,1998-06,1
USD,1998-07,1
USD,1998-08,1
USD,1998-09,1
USD,1998-10,1
USD,1998-11,1
USD,1998-12,1
USD,1999-01,1
USD,1999-02,1
USD,1999-03,1
USD,1999-04,1
USD,1999-05,1
USD,1999-06,1
USD,1999-07,1
USD,1999-08,1
USD,1999-09,1
USD,1999-10,1
USD,1999-11,1
USD,1999-12,1
USD,2000-01,1
USD,2000-02,1
USD,2000-03,1
USD,2000-04,1
USD,2000-05,1
USD,2000-06,1
USD,2000-07,1
USD,2000-08,1
USD,2000-09,1
USD,2000-10,1
USD,2000-11,1
USD,2000-12,1
USD,2001-01,1
USD,2001-02,1
USD,2001-03,1
USD,2001-04,1
USD,2001-05,1
USD,2001-06,1
USD,2001-07,1
USD,2001-08,1
USD,2001-09,1
USD,2001-10,1
USD,2001-11,1
USD,2001-12,1
USD,2002-01,1
USD,2002-02,1
USD,2002-03,1
USD,2002-04,1
USD,2002-05,1
USD,2002-06,1
USD,2002-07,1
USD,2002-08,1
USD,2002-09,1
USD,2002-10,1
USD,2002-11,1
USD,2002-12,1
USD,2003-01,1
USD,2003-02,1
USD,2003-03,1
USD,2003-04,1
USD,2003-05,1
USD,2003-06,1
USD,2003-07,1
USD,2003-08,1
USD,2003-09,1
USD,2003-10,1
USD,2003-11,1
USD,2003-12,1
USD,2004-01,1
USD,2004-02,1
USD,2004-03,1
USD,2004-04,1
USD,2004-05,1
USD,2004-06,1
USD,2004-07,1
USD,2004-08,1
USD,2004-09,1
USD,2004-10,1
USD,2004-11,1
USD,2004-12,1
USD,2005-01,1
USD,2005-02,1
USD,2005-03,1
USD,2005-04,1
USD,2005-05,1
USD,2005-06,1
USD,2005-07,1
USD,2005-08,1
USD,2005-09,1
USD,2005-10,1
USD,2005-11,1
USD,2005-12,1
USD,2006-01,1
USD,2006-02,1
USD,2006-03,1
USD,2006-04,1
USD,2006-05,1
USD,2006-06,1
USD,2006-07,1
USD,2006-08,1
USD,2006-09,1
USD,2006-10,1
USD,2006-11,1
USD,2006-12,1
USD,2007-01,1
USD,2007-02,1
USD,2007-03,1
USD,2007-04,1
USD,2007-05,1
USD,2007-06,1
USD,2007-07,1
USD,2007-08,1
USD,2007-09,1
USD,2007-10,1
USD,2007-11,1
USD,2007-12,1
USD,2008-01,1
USD,2008-02,1
USD,2008-03,1
USD,2008-04,1
USD,2008-05,1
USD,2008-06,1
USD,2008-07,1
USD,2008-08,1
USD,2008-09,1
USD,2008-10,1
USD,2008-11,1
USD,2008-12,1
USD,2009-01,1
USD,2009-02,1
USD,2009-03,1
USD,2009-04,1
USD,2009-05,1
USD,2009-06,1
USD,2009-07,1
USD,2009-08,1
USD,2009-09,1
USD,2009-10,1
USD,2009-11,1
USD,2009-12,1
USD,2010-01,1
USD,2010-02,1
USD,2010-03,1
USD,2010-04,1
USD,2010-05,1
USD,2010-06,1
USD,2010-07,1
USD,2010-08,1
USD,2010-09,1
USD,2010-10,1
USD,2010-11,1
USD,2010-12,1
USD,2011-01,1
USD,2011-02,1
USD,2011-03,1
USD,2011-04,1
USD,2011-05,1
USD,2011-06,1
USD,2011-07,1
USD,2011-08,1
USD,2011-09,1
USD,2011-10,1
USD,2011-11,1
USD,2011-12,1
USD,2012-01,1
USD,2012-02,1
USD,2012-03,1
USD,2012-04,1
USD,2012-05,1
USD,2012-06,1
USD,2012-07,1
USD,2012-08,1
USD,2012-09,1
USD,2012-10,1
USD,2012-11,1
USD,2012-12,1
USD,2013-01,1
USD,2013-02,1
USD,2013-03,1
USD,2013-04,1
USD,2013-05,1
USD,2013-06,1
USD,2013-07,1
USD,2013-08,1
USD,2013-09,1
USD,2013-10,1
USD,2013-11,1
USD,2013-12,1
USD,2014-01,1
USD,2014-02,1
USD,2014-03,1
USD,2014-04,1
USD,2014-05,1
USD,2014-06,1
USD,2014-07,1
USD,2014-08,1
USD,2014-09,1
USD,2014-10,1
USD,2014-11,1
USD,2014-12,1
USD,2015-01,1
USD,2015-02,1
USD,2015-03,1
USD,2015-04,1
USD,2015-05,1
USD,2015-06,1
USD,2015-07,1
USD,2015-08,1
USD,2015-09,1
USD,2015-10,1
USD,2015-11,1
USD,2015-12,1
USD,2016-01,1
USD,2016-02,1
USD,2016-03,1
USD,2016-04,1
USD,2016-05,1
USD,2016-06,1
USD,2016-07,1
USD,2016-08,1
USD,2016-09,1
USD,2016-10,1
USD,2016-11,1
USD,2016-12,1
USD,2017-01,1
USD,2017-02,1
USD,2017-03,1
USD,2017-04,1
USD,2017-05,1
USD,2017-06,1
USD,2017-07,1
USD,2017-08,1
USD,2017-09,1
USD,2017-10,1
USD,2017-11,1
USD,2017-12,1
USD,2018-01,1
USD,2018-02,1
USD,2018-03,1
USD,2018-04,1
USD,2018-05,1
USD,2018-06,1
USD,2018-07,1
USD,2018-08,1
USD,2018-09,1
USD,2018-10,1
USD,2018-11,1
USD,2018-12,1
USD,2019-01,1
USD,2019-02,1
USD,2019-03,1
USD,2019-04,1
USD,2019-05,1
USD,2019-06,1
USD,2019-07,1
USD,2019-08,1
USD,2019-09,1
USD,2019-10,1
USD,2019-11,1
USD,2019-12,1
USD,2020-01,1
USD,2020-02,1
USD,2020-03,1
USD,2020-04,1
USD,2020-05,1
USD,2020-06,1
USD,2020-07,1
USD,2020-08,1
USD,2020-09,1
USD,2020-10,1
USD,2020-11,1
USD,2020-12,1
USD,2021-01,1
USD,2021-02,1
USD,2021-03,1
USD,2021-04,1
USD,2021-05,1
USD,2021-06,1
USD,2021-07,1
USD,2021-08,1
USD,2021-09,1
USD,2021-10,1
USD,2021-11,1
USD,2021-12,1
USD,2022-01,1
USD,2022-02,1
USD,2022-03,1
USD,2022-04,1
USD,2022-05,1
USD,2022-06,1
USD,2022-07,1
USD,2022-08,1
USD,2022-09,1
USD,2022-10,1
USD,2022-11,1
USD,2022-12,1
USD,2023-01,1
USD,2023-02,1
USD,2023-03,1
USD,2023-04,1
USD,2023-05,1
USD,2023-06,1
USD,2023-07,1
USD,2023-08,1
USD,2023-09,1
USD,2023-10,1
USD,2023-11,1
USD,2023-12,1
USD,2024-01,1
USD,2024-02,1
USD,2024-03,1
USD,2024-04,1
USD,2024-05,1
USD,2024-06,1
USD,2024-07,1
USD,2024-08,1
USD,2024-09,1
USD,2024-10,1
USD,2024-11,1
USD,2024-12,1
USD,2025-01,1
USD,2025-02,1
USD,2025-03,1
USD,2025-04,1
USD,2025-05,1
USD,2025-06,1
USD,2025-07,1
USD,2025-08,1
USD,2025-09,1
USD,2025-10,1
USD,2025-11,1
USD,2025-12,1
USD,2026-01,1
USD,2026-02,1
USD,2026-03,1
USD,2026-04,1
USD,2026-05,1
USD,2026-06,1
USD,2026-07,1
USD,2026-08,1
