date,infl_yoy,model_exp_infl_10y,survey_exp_infl_10y,survey_source,exp_infl_10y_final,exp_infl_source
1914-01-01,2.0408163265306145,4.152749744993657,,,4.152749744993657,model
1914-02-01,1.0204081632652962,4.013759394094207,,,4.013759394094207,model
1914-03-01,1.0204081632652962,4.045402118361504,,,4.045402118361504,model
1914-04-01,0.0,3.8656261909204885,,,3.8656261909204885,model
1914-05-01,2.061855670103108,4.275566879404823,,,4.275566879404823,model
1914-06-01,1.0204081632652962,4.023072661955707,,,4.023072661955707,model
1914-07-01,1.0101010101010166,3.983593175833998,,,3.983593175833998,model
1914-08-01,3.030303030303028,4.399873673682843,,,4.399873673682843,model
1914-09-01,2.0000000000000018,4.203635724859568,,,4.203635724859568,model
1914-10-01,1.0000000000000009,4.018808070468107,,,4.018808070468107,model
1914-11-01,0.990099009900991,4.064295334578016,,,4.064295334578016,model
1914-12-01,1.0000000000000009,4.108453313211486,,,4.108453313211486,model
1915-01-01,1.0000000000000009,4.1322345961244515,,,4.1322345961244515,model
1915-02-01,1.0101010101010166,4.117649793595576,,,4.117649793595576,model
1915-03-01,0.0,3.889402096111879,,,3.889402096111879,model
1915-04-01,2.0408163265306145,4.283499452114096,,,4.283499452114096,model
1915-05-01,2.020202020202011,4.292255941172084,,,4.292255941172084,model
1915-06-01,2.020202020202011,4.335111103216297,,,4.335111103216297,model
1915-07-01,1.0000000000000009,4.199378857490943,,,4.199378857490943,model
1915-08-01,-0.9803921568627416,3.8470951514141296,,,3.8470951514141296,model
1915-09-01,-0.9803921568627416,3.8728236486335215,,,3.8728236486335215,model
1915-10-01,0.990099009900991,4.239936451388676,,,4.239936451388676,model
1915-11-01,0.9803921568627638,4.134545365789088,,,4.134545365789088,model
1915-12-01,1.980198019801982,4.188537566133044,,,4.188537566133044,model
1916-01-01,2.970297029702973,4.232059635323284,,,4.232059635323284,model
1916-02-01,4.000000000000004,4.292600535826074,,,4.292600535826074,model
1916-03-01,6.060606060606055,4.580338567616218,,,4.580338567616218,model
1916-04-01,6.000000000000005,4.453641173819011,,,4.453641173819011,model
1916-05-01,5.940594059405946,4.349401538718709,,,4.349401538718709,model
1916-06-01,6.930693069306937,4.468127365705839,,,4.468127365705839,model
1916-07-01,6.930693069306937,4.3545546666334305,,,4.3545546666334305,model
1916-08-01,7.920792079207928,4.412700968905326,,,4.412700968905326,model
1916-09-01,9.90099009900991,4.659958236588166,,,4.659958236588166,model
1916-10-01,10.784313725490202,4.673832523873241,,,4.673832523873241,model
1916-11-01,11.6504854368932,4.691508642782344,,,4.691508642782344,model
1916-12-01,12.621359223300963,4.7262980791072735,,,4.7262980791072735,model
1917-01-01,12.5,4.54960191265911,,,4.54960191265911,model
1917-02-01,15.384615384615374,4.920182503467558,,,4.920182503467558,model
1917-03-01,14.28571428571428,4.476982201348633,,,4.476982201348633,model
1917-04-01,18.867924528301884,5.185959266285938,,,5.185959266285938,model
1917-05-01,19.62616822429908,5.198044963924548,,,5.198044963924548,model
1917-06-01,20.37037037037037,5.219808232655116,,,5.219808232655116,model
1917-07-01,18.518518518518512,4.794133555828474,,,4.794133555828474,model
1917-08-01,19.266055045871557,4.952941704114529,,,4.952941704114529,model
1917-09-01,19.81981981981984,5.119398147553563,,,5.119398147553563,model
1917-10-01,19.469026548672552,5.068139217801361,,,5.068139217801361,model
1917-11-01,17.391304347826097,4.6578405387721205,,,4.6578405387721205,model
1917-12-01,18.10344827586208,4.859633195444431,,,4.859633195444431,model
1918-01-01,19.658119658119656,5.270430449754458,,,5.270430449754458,model
1918-02-01,17.500000000000004,4.971888747171895,,,4.971888747171895,model
1918-03-01,16.666666666666675,4.94643594518697,,,4.94643594518697,model
1918-04-01,12.698412698412698,4.277662164453958,,,4.277662164453958,model
1918-05-01,13.28125,4.399322271344952,,,4.399322271344952,model
1918-06-01,13.076923076923077,4.285578177970917,,,4.285578177970917,model
1918-07-01,17.96875,5.113658590259448,,,5.113658590259448,model
1918-08-01,18.461538461538463,5.017375069670486,,,5.017375069670486,model
1918-09-01,18.045112781954884,4.71946925793015,,,4.71946925793015,model
1918-10-01,18.518518518518512,4.706163863531687,,,4.706163863531687,model
1918-11-01,20.740740740740748,5.149003669997017,,,5.149003669997017,model
1918-12-01,20.43795620437956,5.138609801324422,,,5.138609801324422,model
1919-01-01,17.85714285714286,4.6586778500349135,,,4.6586778500349135,model
1919-02-01,14.893617021276585,4.132086133720814,,,4.132086133720814,model
1919-03-01,17.142857142857125,4.675182851021484,,,4.675182851021484,model
1919-04-01,17.6056338028169,4.831308273572724,,,4.831308273572724,model
1919-05-01,16.551724137931025,4.627946647706148,,,4.627946647706148,model
1919-06-01,14.965986394557817,4.351003700890409,,,4.351003700890409,model
1919-07-01,15.231788079470189,4.490630629909984,,,4.490630629909984,model
1919-08-01,14.935064935064934,4.504868895985195,,,4.504868895985195,model
1919-09-01,13.375796178343968,4.215320084252372,,,4.215320084252372,model
1919-10-01,13.125000000000009,4.136172723889308,,,4.136172723889308,model
1919-11-01,13.496932515337411,4.095820513328035,,,4.095820513328035,model
1919-12-01,14.545454545454527,4.08596167924183,,,4.08596167924183,model
1920-01-01,16.96969696969697,4.314430730851514,,,4.314430730851514,model
1920-02-01,20.37037037037037,4.715281880984331,,,4.715281880984331,model
1920-03-01,20.12195121951219,4.3958123334005546,,,4.3958123334005546,model
1920-04-01,21.55688622754493,4.481698752121751,,,4.481698752121751,model
1920-05-01,21.89349112426038,4.5271509188285535,,,4.5271509188285535,model
1920-06-01,23.66863905325445,5.015014097740994,,,5.015014097740994,model
1920-07-01,19.54022988505748,4.433152514321193,,,4.433152514321193,model
1920-08-01,14.689265536723164,3.8093840018716394,,,3.8093840018716394,model
1920-09-01,12.35955056179774,3.8065299779910875,,,3.8065299779910875,model
1920-10-01,9.944751381215443,3.828024250791386,,,3.828024250791386,model
1920-11-01,7.027027027027022,3.749608280472337,,,3.749608280472337,model
1920-12-01,2.645502645502651,3.3933468506663713,,,3.3933468506663713,model
1921-01-01,-1.5544041450777255,3.0695080396670513,,,3.0695080396670513,model
1921-02-01,-5.641025641025643,2.7751823278858185,,,2.7751823278858185,model
1921-03-01,-7.106598984771562,2.972202334874943,,,2.972202334874943,model
1921-04-01,-10.83743842364532,2.6239824996697827,,,2.6239824996697827,model
1921-05-01,-14.077669902912628,2.2368619018881364,,,2.2368619018881364,model
1921-06-01,-15.78947368421051,2.0349642270392927,,,2.0349642270392927,model
1921-07-01,-14.903846153846157,2.2389761383986433,,,2.2389761383986433,model
1921-08-01,-12.80788177339902,2.582711489945243,,,2.582711489945243,model
1921-09-01,-12.5,2.5059143065806087,,,2.5059143065806087,model
1921-10-01,-12.060301507537686,2.4416573259212693,,,2.4416573259212693,model
1921-11-01,-12.121212121212132,2.3008964236074307,,,2.3008964236074307,model
1921-12-01,-10.824742268041232,2.40896080704906,,,2.40896080704906,model
1922-01-01,-11.05263157894738,2.2125045169467255,,,2.2125045169467255,model
1922-02-01,-8.15217391304348,2.6222855166375862,,,2.6222855166375862,model
1922-03-01,-8.743169398907114,2.3090168635444357,,,2.3090168635444357,model
1922-04-01,-7.734806629834267,2.3177120080278217,,,2.3177120080278217,model
1922-05-01,-5.649717514124298,2.596449175799136,,,2.596449175799136,model
1922-06-01,-5.113636363636376,2.591528017036951,,,2.591528017036951,model
1922-07-01,-5.0847457627118615,2.494157715965531,,,2.494157715965531,model
1922-08-01,-6.214689265536711,2.186779329776786,,,2.186779329776786,model
1922-09-01,-5.142857142857138,2.313869291188645,,,2.313869291188645,model
1922-10-01,-4.571428571428571,2.3050929164582863,,,2.3050929164582863,model
1922-11-01,-3.44827586206895,2.354866279363516,,,2.354866279363516,model
1922-12-01,-2.3121387283237094,2.4045726664415374,,,2.4045726664415374,model
1923-01-01,-0.5917159763313529,2.567692139630708,,,2.567692139630708,model
1923-02-01,-0.5917159763313529,2.4000217831272064,,,2.4000217831272064,model
1923-03-01,0.5988023952095967,2.501041253199271,,,2.501041253199271,model
1923-04-01,1.197604790419149,2.508270428272143,,,2.508270428272143,model
1923-05-01,1.197604790419149,2.395879402870798,,,2.395879402870798,model
1923-06-01,1.7964071856287456,2.4118071038523095,,,2.4118071038523095,model
1923-07-01,2.3809523809523725,2.4309469032697373,,,2.4309469032697373,model
1923-08-01,3.0120481927710774,2.470338531691693,,,2.470338531691693,model
1923-09-01,3.61445783132528,2.532811969626183,,,2.532811969626183,model
1923-10-01,3.592814371257491,2.498047361264548,,,2.498047361264548,model
1923-11-01,2.9761904761904656,2.3597167693531955,,,2.3597167693531955,model
1923-12-01,2.366863905325456,2.252265764884799,,,2.252265764884799,model
1924-01-01,2.9761904761904656,2.4126370157601755,,,2.4126370157601755,model
1924-02-01,2.3809523809523725,2.3431733536153363,,,2.3431733536153363,model
1924-03-01,1.7857142857142794,2.2717591798025687,,,2.2717591798025687,model
1924-04-01,0.591715976331364,2.098096778499897,,,2.098096778499897,model
1924-05-01,0.591715976331364,2.1671401670060613,,,2.1671401670060613,model
1924-06-01,0.0,2.1008381357467276,,,2.1008381357467276,model
1924-07-01,-0.5813953488371992,2.010271783977737,,,2.010271783977737,model
1924-08-01,-0.5847953216374324,2.0230553195768084,,,2.0230553195768084,model
1924-09-01,-0.5813953488371992,2.0184788067334596,,,2.0184788067334596,model
1924-10-01,-0.5780346820809301,1.9891561115383207,,,1.9891561115383207,model
1924-11-01,-0.5780346820809301,1.9504359994430025,,,1.9504359994430025,model
1924-12-01,0.0,2.0191985003624726,,,2.0191985003624726,model
1925-01-01,0.0,1.950476219171565,,,1.950476219171565,model
1925-02-01,0.0,1.8734507920978452,,,1.8734507920978452,model
1925-03-01,1.1695906432748426,2.0219031649853925,,,2.0219031649853925,model
1925-04-01,1.17647058823529,1.912435211538476,,,1.912435211538476,model
1925-05-01,1.764705882352935,1.9068169267451316,,,1.9068169267451316,model
1925-06-01,2.941176470588225,2.0315658220372415,,,2.0315658220372415,model
1925-07-01,3.50877192982455,2.055074686271833,,,2.055074686271833,model
1925-08-01,4.117647058823515,2.107906852150375,,,2.107906852150375,model
1925-09-01,3.50877192982455,1.9239108352719896,,,1.9239108352719896,model
1925-10-01,2.906976744186052,1.7755423068626737,,,1.7755423068626737,model
1925-11-01,4.651162790697683,2.113924736052202,,,2.113924736052202,model
1925-12-01,3.4682080924855363,1.851569413930438,,,1.851569413930438,model
1926-01-01,3.4682080924855363,1.8317219263497626,,,1.8317219263497626,model
1926-02-01,4.06976744186045,1.9479381380473368,,,1.9479381380473368,model
1926-03-01,2.8901734104046284,1.727651137059766,,,1.727651137059766,model
1926-04-01,4.06976744186045,2.0312144765886035,,,2.0312144765886035,model
1926-05-01,2.8901734104046284,1.9177888684449278,,,1.9177888684449278,model
1926-06-01,1.1428571428571344,1.6951127207151493,,,1.6951127207151493,model
1926-07-01,-1.1299435028248594,1.3654085012582633,,,1.3654085012582633,model
1926-08-01,-1.6949152542372947,1.3492294271323793,,,1.3492294271323793,model
1926-09-01,-1.1299435028248594,1.525704736162972,,,1.525704736162972,model
1926-10-01,-0.5649717514124131,1.648775495616771,,,1.648775495616771,model
1926-11-01,-1.6666666666666718,1.4337590105026556,,,1.4337590105026556,model
1926-12-01,-1.1173184357541888,1.5725392389450683,,,1.5725392389450683,model
1927-01-01,-2.234636871508377,1.3909190731843057,,,1.3909190731843057,model
1927-02-01,-2.793296089385477,1.3092896646616363,,,1.3092896646616363,model
1927-03-01,-2.80898876404494,1.3064670192959373,,,1.3064670192959373,model
1927-04-01,-3.351955307262555,1.1459521343841745,,,1.1459521343841745,model
1927-05-01,-2.247191011235972,1.3012959976221485,,,1.3012959976221485,model
1927-06-01,-0.5649717514124131,1.567400525829201,,,1.567400525829201,model
1927-07-01,-1.1428571428571344,1.3765654703247039,,,1.3765654703247039,model
1927-08-01,-1.1494252873563204,1.3324720442030324,,,1.3324720442030324,model
1927-09-01,-1.1428571428571344,1.344801307901958,,,1.344801307901958,model
1927-10-01,-1.1363636363636576,1.3584493760572924,,,1.3584493760572924,model
1927-11-01,-2.259887005649708,1.1269577139405906,,,1.1269577139405906,model
1927-12-01,-2.259887005649708,1.1213775517994162,,,1.1213775517994162,model
1928-01-01,-1.1428571428571344,1.3273255521169047,,,1.3273255521169047,model
1928-02-01,-1.724137931034464,1.1722887363740255,,,1.1722887363740255,model
1928-03-01,-1.1560693641618491,1.2548726705860176,,,1.2548726705860176,model
1928-04-01,-1.1560693641618491,1.2576563931257474,,,1.2576563931257474,model
1928-05-01,-1.1494252873563204,1.2347664131702287,,,1.2347664131702287,model
1928-06-01,-2.840909090909094,0.8585004559943978,,,0.8585004559943978,model
1928-07-01,-1.1560693641618491,1.1567843282685266,,,1.1567843282685266,model
1928-08-01,-0.5813953488371992,1.240314499379524,,,1.240314499379524,model
1928-09-01,0.0,1.3019073282494598,,,1.3019073282494598,model
1928-10-01,-1.1494252873563204,1.0440886606979585,,,1.0440886606979585,model
1928-11-01,-0.5780346820809301,1.149648368840051,,,1.149648368840051,model
1928-12-01,-1.1560693641618491,1.0203356551947957,,,1.0203356551947957,model
1929-01-01,-1.1560693641618491,1.0032958289862024,,,1.0032958289862024,model
1929-02-01,0.0,1.2302238994821946,,,1.2302238994821946,model
1929-03-01,-0.5847953216374324,1.092891614728127,,,1.092891614728127,model
1929-04-01,-1.1695906432748648,0.9287298047668768,,,0.9287298047668768,model
1929-05-01,-1.1627906976744096,0.8756904074204607,,,0.8756904074204607,model
1929-06-01,0.0,1.0510044540925088,,,1.0510044540925088,model
1929-07-01,1.1695906432748426,1.2318116278451139,,,1.2318116278451139,model
1929-08-01,1.1695906432748426,1.1739129735785492,,,1.1739129735785492,model
1929-09-01,0.0,0.9052797438798024,,,0.9052797438798024,model
1929-10-01,0.5813953488372103,1.021969975717094,,,1.021969975717094,model
1929-11-01,0.5813953488372103,1.0407718636133132,,,1.0407718636133132,model
1929-12-01,0.5847953216374213,1.0550518365658497,,,1.0550518365658497,model
1930-01-01,0.0,0.9496452167935265,,,0.9496452167935265,model
1930-02-01,-0.5847953216374324,0.8349882632510861,,,0.8349882632510861,model
1930-03-01,-0.5882352941176561,0.8620094999297312,,,0.8620094999297312,model
1930-04-01,0.591715976331364,1.156561998870234,,,1.156561998870234,model
1930-05-01,-0.5882352941176561,1.0134277405021368,,,1.0134277405021368,model
1930-06-01,-1.7543859649122862,0.8918716494756194,,,0.8918716494756194,model
1930-07-01,-4.046242774566466,0.556716473727764,,,0.556716473727764,model
1930-08-01,-4.624277456647407,0.5602140859221845,,,0.5602140859221845,model
1930-09-01,-4.046242774566466,0.7797165046816547,,,0.7797165046816547,model
1930-10-01,-4.624277456647407,0.7432661331104926,,,0.7432661331104926,model
1930-11-01,-5.202312138728338,0.7032235273192026,,,0.7032235273192026,model
1930-12-01,-6.395348837209292,0.5572161536921703,,,0.5572161536921703,model
1931-01-01,-7.017543859649134,0.5291700039689406,,,0.5291700039689406,model
1931-02-01,-7.647058823529418,0.5073174530194291,,,0.5073174530194291,model
1931-03-01,-7.692307692307687,0.5941059217996313,,,0.5941059217996313,model
1931-04-01,-8.823529411764708,0.4470443556688006,,,0.4470443556688006,model
1931-05-01,-9.467455621301768,0.36219597565048556,,,0.36219597565048556,model
1931-06-01,-10.119047619047628,0.2583512874458287,,,0.2583512874458287,model
1931-07-01,-9.036144578313266,0.49813455280225183,,,0.49813455280225183,model
1931-08-01,-8.484848484848484,0.6193482645720604,,,0.6193482645720604,model
1931-09-01,-9.63855421686748,0.39302379147687105,,,0.39302379147687105,model
1931-10-01,-9.696969696969692,0.39361116567618626,,,0.39361116567618626,model
1931-11-01,-10.365853658536585,0.2933990041717778,,,0.2933990041717778,model
1931-12-01,-9.316770186335413,0.5293336652176817,,,0.5293336652176817,model
1932-01-01,-10.062893081761004,0.3971404866283874,,,0.3971404866283874,model
1932-02-01,-10.191082802547768,0.38223867880011375,,,0.38223867880011375,model
1932-03-01,-10.256410256410254,0.39055474630289844,,,0.39055474630289844,model
1932-04-01,-10.322580645161285,0.38406170977360055,,,0.38406170977360055,model
1932-05-01,-10.457516339869288,0.3606286355116832,,,0.3606286355116832,model
1932-06-01,-9.93377483443708,0.4794653769006618,,,0.4794653769006618,model
1932-07-01,-9.93377483443708,0.4958807168729211,,,0.4958807168729211,model
1932-08-01,-10.596026490066224,0.3779531981248936,,,0.3779531981248936,model
1932-09-01,-10.666666666666668,0.37861675578788967,,,0.37861675578788967,model
1932-10-01,-10.738255033557042,0.37604486333788234,,,0.37604486333788234,model
1932-11-01,-10.20408163265306,0.47718323699774645,,,0.47718323699774645,model
1932-12-01,-10.273972602739722,0.45204084238751374,,,0.45204084238751374,model
1933-01-01,-9.790209790209792,0.5347082878770886,,,0.5347082878770886,model
1933-02-01,-9.9290780141844,0.47987283658925506,,,0.47987283658925506,model
1933-03-01,-9.999999999999998,0.40357569950860706,,,0.40357569950860706,model
1933-04-01,-9.35251798561152,0.4264498692314631,,,0.4264498692314631,model
1933-05-01,-8.029197080291972,0.5151956863415457,,,0.5151956863415457,model
1933-06-01,-6.617647058823528,0.5775731814364837,,,0.5775731814364837,model
1933-07-01,-3.676470588235292,0.938599969134069,,,0.938599969134069,model
1933-08-01,-2.222222222222225,1.014074323332364,,,1.014074323332364,model
1933-09-01,-1.49253731343284,0.9697332395099079,,,0.9697332395099079,model
1933-10-01,-0.7518796992481258,0.9680648289510997,,,0.9680648289510997,model
1933-11-01,0.0,0.9711245016952404,,,0.9711245016952404,model
1933-12-01,0.7633587786259444,0.9504265993128381,,,0.9504265993128381,model
1934-01-01,2.325581395348819,1.0868473761489712,,,1.0868473761489712,model
1934-02-01,4.724409448818912,1.4099174428368646,,,1.4099174428368646,model
1934-03-01,5.555555555555558,1.4503468370257586,,,1.4503468370257586,model
1934-04-01,5.555555555555558,1.393780629511261,,,1.393780629511261,model
1934-05-01,5.555555555555558,1.4577977673570022,,,1.4577977673570022,model
1934-06-01,5.51181102362206,1.5662648279721356,,,1.5662648279721356,model
1934-07-01,2.290076335877877,1.0277577013497365,,,1.0277577013497365,model
1934-08-01,1.5151515151515138,0.9879824056246902,,,0.9879824056246902,model
1934-09-01,3.030303030303028,1.3977022132900563,,,1.3977022132900563,model
1934-10-01,2.2727272727272707,1.29232663587752,,,1.29232663587752,model
1934-11-01,2.2727272727272707,1.2857556909431682,,,1.2857556909431682,model
1934-12-01,1.5151515151515138,1.1332202412568844,,,1.1332202412568844,model
1935-01-01,3.030303030303028,1.427032522396254,,,1.427032522396254,model
1935-02-01,3.007518796992481,1.3942814675159092,,,1.3942814675159092,model
1935-03-01,3.007518796992481,1.36552282758361,,,1.36552282758361,model
1935-04-01,3.759398496240607,1.5369591353422984,,,1.5369591353422984,model
1935-05-01,3.759398496240607,1.5759614621066125,,,1.5759614621066125,model
1935-06-01,2.238805970149249,1.3248388667066338,,,1.3248388667066338,model
1935-07-01,2.238805970149249,1.4130026614220856,,,1.4130026614220856,model
1935-08-01,2.238805970149249,1.486276290126923,,,1.486276290126923,model
1935-09-01,0.7352941176470562,1.2111224788085964,,,1.2111224788085964,model
1935-10-01,1.4814814814814836,1.370642976402296,,,1.370642976402296,model
1935-11-01,2.2222222222222365,1.5497141048421335,,,1.5497141048421335,model
1935-12-01,2.9850746268656803,1.7363814993190823,,,1.7363814993190823,model
1936-01-01,1.4705882352941346,1.4949548941646833,,,1.4949548941646833,model
1936-02-01,0.7299270072992803,1.4436557273834114,,,1.4436557273834114,model
1936-03-01,0.0,1.3996966564200242,,,1.3996966564200242,model
1936-04-01,-0.7246376811594346,1.3000323829607618,,,1.3000323829607618,model
1936-05-01,-0.7246376811594346,1.2941481057983992,,,1.2941481057983992,model
1936-06-01,0.7299270072992803,1.5394553585271935,,,1.5394553585271935,model
1936-07-01,1.4598540145985384,1.6178455688489586,,,1.6178455688489586,model
1936-08-01,2.189781021897818,1.702521012461395,,,1.702521012461395,model
1936-09-01,2.189781021897818,1.6823842877691717,,,1.6823842877691717,model
1936-10-01,2.189781021897818,1.68775865733005,,,1.68775865733005,model
1936-11-01,1.4492753623188248,1.5499240496957356,,,1.5499240496957356,model
1936-12-01,1.4492753623188248,1.5518799900314155,,,1.5518799900314155,model
1937-01-01,2.1739130434782483,1.663634540769629,,,1.663634540769629,model
1937-02-01,2.1739130434782483,1.592151543895592,,,1.592151543895592,model
1937-03-01,3.649635036496357,1.8034205070167872,,,1.8034205070167872,model
1937-04-01,4.379562043795637,1.8885538993351711,,,1.8885538993351711,model
1937-05-01,5.109489051094895,1.9938229692139062,,,1.9938229692139062,model
1937-06-01,4.347826086956519,1.839467588222281,,,1.839467588222281,model
1937-07-01,4.316546762589923,1.8496360979795852,,,1.8496360979795852,model
1937-08-01,3.571428571428581,1.735434128349493,,,1.735434128349493,model
1937-09-01,4.285714285714293,1.9265074747646955,,,1.9265074747646955,model
1937-10-01,4.285714285714293,1.9977064797124846,,,1.9977064797124846,model
1937-11-01,3.571428571428581,1.9619953930989384,,,1.9619953930989384,model
1937-12-01,2.857142857142869,1.9616498417965809,,,1.9616498417965809,model
1938-01-01,0.7092198581560183,1.6922411578511252,,,1.6922411578511252,model
1938-02-01,0.0,1.7089248246967186,,,1.7089248246967186,model
1938-03-01,-0.7042253521126751,1.7245486652375563,,,1.7245486652375563,model
1938-04-01,-0.6993006993007089,1.8455912063398419,,,1.8455912063398419,model
1938-05-01,-2.083333333333337,1.669467957518841,,,1.669467957518841,model
1938-06-01,-2.083333333333337,1.7596258967005163,,,1.7596258967005163,model
1938-07-01,-2.758620689655178,1.7185455303103399,,,1.7185455303103399,model
1938-08-01,-2.758620689655178,1.7976384359108475,,,1.7976384359108475,model
1938-09-01,-3.424657534246578,1.715648460784648,,,1.715648460784648,model
1938-10-01,-4.109589041095885,1.591421965302412,,,1.591421965302412,model
1938-11-01,-3.4482758620689613,1.7019659060443193,,,1.7019659060443193,model
1938-12-01,-2.777777777777779,1.7942766059214117,,,1.7942766059214117,model
1939-01-01,-1.4084507042253502,2.0221548283522464,,,2.0221548283522464,model
1939-02-01,-1.4184397163120477,2.0039498967380767,,,2.0039498967380767,model
1939-03-01,-1.4184397163120477,2.0048446065518415,,,2.0048446065518415,model
1939-04-01,-2.8169014084506894,1.7527281169159643,,,1.7527281169159643,model
1939-05-01,-2.127659574468077,1.9270745914942182,,,1.9270745914942182,model
1939-06-01,-2.127659574468077,1.943833574050794,,,1.943833574050794,model
1939-07-01,-2.127659574468077,1.900278007071288,,,1.900278007071288,model
1939-08-01,-2.127659574468077,1.8496441252743476,,,1.8496441252743476,model
1939-09-01,0.0,2.2298233186988736,,,2.2298233186988736,model
1939-10-01,0.0,2.187606891971337,,,2.187606891971337,model
1939-11-01,0.0,2.158870997743803,,,2.158870997743803,model
1939-12-01,0.0,2.1453271167436765,,,2.1453271167436765,model
1940-01-01,-0.7142857142857117,1.9915071096426686,,,1.9915071096426686,model
1940-02-01,0.7194244604316502,2.2572230049071607,,,2.2572230049071607,model
1940-03-01,0.7194244604316502,2.2244153894203866,,,2.2244153894203866,model
1940-04-01,1.4492753623188248,2.3237451702166507,,,2.3237451702166507,model
1940-05-01,1.4492753623188248,2.3103213839743337,,,2.3103213839743337,model
1940-06-01,2.1739130434782483,2.472330629538886,,,2.472330629538886,model
1940-07-01,1.4492753623188248,2.3931155178616716,,,2.3931155178616716,model
1940-08-01,1.4492753623188248,2.464331573550228,,,2.464331573550228,model
1940-09-01,-0.7092198581560294,2.10412051684493,,,2.10412051684493,model
1940-10-01,0.0,2.294188619529433,,,2.294188619529433,model
1940-11-01,0.0,2.3155065246515347,,,2.3155065246515347,model
1940-12-01,0.7142857142857117,2.4474780313808076,,,2.4474780313808076,model
1941-01-01,1.4388489208633004,2.5641769963987304,,,2.5641769963987304,model
1941-02-01,0.7142857142857117,2.372900259524847,,,2.372900259524847,model
1941-03-01,1.4285714285714235,2.460853554092395,,,2.460853554092395,model
1941-04-01,2.142857142857157,2.5281431641384695,,,2.5281431641384695,model
1941-05-01,2.857142857142869,2.5598749131335916,,,2.5598749131335916,model
1941-06-01,4.255319148936176,2.6997693006026546,,,2.6997693006026546,model
1941-07-01,5.000000000000004,2.685345272969272,,,2.685345272969272,model
1941-08-01,6.428571428571428,2.7958639572650155,,,2.7958639572650155,model
1941-09-01,7.857142857142851,2.9198004388299337,,,2.9198004388299337,model
1941-10-01,9.285714285714295,3.0612860331086793,,,3.0612860331086793,model
1941-11-01,10.000000000000009,3.0675081941075515,,,3.0675081941075515,model
1941-12-01,9.92907801418439,2.935146272741651,,,2.935146272741651,model
1942-01-01,11.347517730496447,3.1269569884780664,,,3.1269569884780664,model
1942-02-01,12.056737588652489,3.197559919801266,,,3.197559919801266,model
1942-03-01,12.676056338028175,3.26593356921218,,,3.26593356921218,model
1942-04-01,12.587412587412585,3.256095237564336,,,3.256095237564336,model
1942-05-01,13.194444444444445,3.41667527047545,,,3.41667527047545,model
1942-06-01,10.88435374149661,3.030962657512344,,,3.030962657512344,model
1942-07-01,11.564625850340128,3.2819260006735247,,,3.2819260006735247,model
1942-08-01,10.738255033557053,3.239716409668657,,,3.239716409668657,model
1942-09-01,9.27152317880795,3.0378757630671482,,,3.0378757630671482,model
1942-10-01,9.15032679738561,3.110290077317834,,,3.110290077317834,model
1942-11-01,9.090909090909085,3.203516104469687,,,3.203516104469687,model
1942-12-01,9.03225806451613,3.2787612739816856,,,3.2787612739816856,model
1943-01-01,7.643312101910826,3.0634964762500454,,,3.0634964762500454,model
1943-02-01,6.962025316455689,2.9774296003691223,,,2.9774296003691223,model
1943-03-01,7.499999999999996,3.1392062549071755,,,3.1392062549071755,model
1943-04-01,8.074534161490664,3.292981029233604,,,3.292981029233604,model
1943-05-01,7.361963190184051,3.1994795826086437,,,3.1994795826086437,model
1943-06-01,7.361963190184051,3.2804424556675027,,,3.2804424556675027,model
1943-07-01,6.0975609756097615,3.121945148281631,,,3.121945148281631,model
1943-08-01,4.8484848484848575,2.983281595997326,,,2.983281595997326,model
1943-09-01,5.454545454545445,3.227645911279485,,,3.227645911279485,model
1943-10-01,4.191616766467066,3.0811705241787095,,,3.0811705241787095,model
1943-11-01,3.5714285714285587,3.0402309571156327,,,3.0402309571156327,model
1943-12-01,2.9585798816567976,3.0087090324791554,,,3.0087090324791554,model
1944-01-01,2.9585798816567976,3.114341766840151,,,3.114341766840151,model
1944-02-01,2.9585798816567976,3.220523316437613,,,3.220523316437613,model
1944-03-01,1.162790697674421,2.9573227892280918,,,2.9573227892280918,model
1944-04-01,0.5747126436781658,2.914939187208675,,,2.914939187208675,model
1944-05-01,0.0,2.839327062899099,,,2.839327062899099,model
1944-06-01,0.5714285714285783,2.946620489871239,,,2.946620489871239,model
1944-07-01,1.7241379310344973,3.1527585594202217,,,3.1527585594202217,model
1944-08-01,2.3121387283236983,3.233633468107825,,,3.233633468107825,model
1944-09-01,1.7241379310344973,3.0858290937303363,,,3.0858290937303363,model
1944-10-01,1.7241379310344973,3.072672671739708,,,3.072672671739708,model
1944-11-01,1.7241379310344973,3.0737482621808585,,,3.0737482621808585,model
1944-12-01,2.298850574712663,3.186131454374897,,,3.186131454374897,model
1945-01-01,2.298850574712663,3.183245143922435,,,3.183245143922435,model
1945-02-01,2.298850574712663,3.1880645377634615,,,3.1880645377634615,model
1945-03-01,2.298850574712663,3.192618422684908,,,3.192618422684908,model
1945-04-01,1.7142857142857126,3.0753244406568587,,,3.0753244406568587,model
1945-05-01,2.2857142857142687,3.1986105138711753,,,3.1986105138711753,model
1945-06-01,2.840909090909083,3.3186968649449424,,,3.3186968649449424,model
1945-07-01,2.259887005649719,3.2030606814833384,,,3.2030606814833384,model
1945-08-01,2.259887005649719,3.2129162259800035,,,3.2129162259800035,model
1945-09-01,2.259887005649719,3.2335322208288133,,,3.2335322208288133,model
1945-10-01,2.259887005649719,3.249423476936327,,,3.249423476936327,model
1945-11-01,2.259887005649719,3.264671236354172,,,3.264671236354172,model
1945-12-01,2.2471910112359383,3.2785074006000845,,,3.2785074006000845,model
1946-01-01,2.2471910112359383,3.274163784772663,,,3.274163784772663,model
1946-02-01,1.6853932584269593,3.1422683687947104,,,3.1422683687947104,model
1946-03-01,2.80898876404494,3.338169775129372,,,3.338169775129372,model
1946-04-01,3.3707865168539186,3.3746080637396743,,,3.3746080637396743,model
1946-05-01,3.3519553072625774,3.1634893904982184,,,3.1634893904982184,model
1946-06-01,3.3149171270718147,2.88823918728747,,,2.88823918728747,model
1946-07-01,9.392265193370154,3.806507172572551,,,3.806507172572551,model
1946-08-01,11.602209944751362,3.8887717517497395,,,3.8887717517497395,model
1946-09-01,12.707182320441968,3.7142098981585985,,,3.7142098981585985,model
1946-10-01,14.9171270718232,3.858218445202542,,,3.858218445202542,model
1946-11-01,17.67955801104972,4.19134166292997,,,4.19134166292997,model
1946-12-01,18.13186813186813,4.096771115127266,,,4.096771115127266,model
1947-01-01,18.13186813186813,3.9596585279456793,,,3.9596585279456793,model
1947-02-01,18.78453038674033,4.033408497814532,,,4.033408497814532,model
1947-03-01,19.67213114754096,4.210222577492859,,,4.210222577492859,model
1947-04-01,19.02173913043479,4.142411921050126,,,4.142411921050126,model
1947-05-01,18.37837837837837,4.197559840505642,,,4.197559840505642,model
1947-06-01,17.647058823529417,4.284157123675769,,,4.284157123675769,model
1947-07-01,12.12121212121211,3.3972224033216283,,,3.3972224033216283,model
1947-08-01,11.386138613861396,3.498496653458284,,,3.498496653458284,model
1947-09-01,12.745098039215684,4.017990184621956,,,4.017990184621956,model
1947-10-01,10.576923076923084,3.714826838341229,,,3.714826838341229,model
1947-11-01,8.450704225352123,3.356097062280166,,,3.356097062280166,model
1947-12-01,8.837209302325565,3.5273149271365165,,,3.5273149271365165,model
1948-01-01,10.232558139534875,3.895098535414773,,,3.895098535414773,model
1948-02-01,9.302325581395344,3.7215260319392405,,,3.7215260319392405,model
1948-03-01,6.849315068493156,3.217733979684992,,,3.217733979684992,model
1948-04-01,8.675799086757996,3.5813561562122604,,,3.5813561562122604,model
1948-05-01,9.1324200913242,3.6532643456444758,,,3.6532643456444758,model
1948-06-01,9.545454545454549,3.7095253684826455,,,3.7095253684826455,model
1948-07-01,9.909909909909898,3.82483602344261,,,3.82483602344261,model
1948-08-01,8.888888888888879,3.7120268927936158,,,3.7120268927936158,model
1948-09-01,6.521739130434789,3.3844685515938924,,,3.3844685515938924,model
1948-10-01,6.0869565217391175,3.499771163456148,,,3.499771163456148,model
1948-11-01,4.761904761904745,3.4484373367870336,,,3.4484373367870336,model
1948-12-01,2.991452991453003,3.26268649359359,,,3.26268649359359,model
1949-01-01,1.265822784810133,3.055817083902306,,,3.055817083902306,model
1949-02-01,1.276595744680864,3.1862139522525825,,,3.1862139522525825,model
1949-03-01,1.7094017094017255,3.3784416343367276,,,3.3784416343367276,model
1949-04-01,0.4201680672268892,3.2061565486578125,,,3.2061565486578125,model
1949-05-01,-0.4184100418409997,3.150848758512335,,,3.150848758512335,model
1949-06-01,-0.8298755186722073,3.1883286020550248,,,3.1883286020550248,model
1949-07-01,-2.868852459016391,2.8696443041171342,,,2.8696443041171342,model
1949-08-01,-2.857142857142858,2.9353054937671414,,,2.9353054937671414,model
1949-09-01,-2.448979591836742,3.039282127588889,,,3.039282127588889,model
1949-10-01,-2.868852459016391,2.937601796682865,,,2.937601796682865,model
1949-11-01,-1.6528925619834656,3.147977702583208,,,3.147977702583208,model
1949-12-01,-2.0746887966805017,3.016114194299631,,,3.016114194299631,model
1950-01-01,-2.083333333333337,2.959178409126326,,,2.959178409126326,model
1950-02-01,-1.260504201680679,3.0870628628072896,,,3.0870628628072896,model
1950-03-01,-0.8403361344537785,3.1189484727799335,,,3.1189484727799335,model
1950-04-01,-1.2552301255229992,2.9671892224354455,,,2.9671892224354455,model
1950-05-01,-0.4201680672269003,3.0418571835349377,,,3.0418571835349377,model
1950-06-01,-0.4184100418409997,2.9415207369921315,,,2.9415207369921315,model
1950-07-01,1.6877637130801704,3.2506307742983975,,,3.2506307742983975,model
1950-08-01,2.1008403361344463,3.199721742794424,,,3.199721742794424,model
1950-09-01,2.092050209205021,3.053827974556559,,,3.053827974556559,model
1950-10-01,3.797468354430378,3.237346027219135,,,3.237346027219135,model
1950-11-01,3.7815126050420034,3.0396679785628797,,,3.0396679785628797,model
1950-12-01,5.932203389830493,3.256788955041079,,,3.256788955041079,model
1951-01-01,8.085106382978724,3.499845108476703,,,3.499845108476703,model
1951-02-01,9.361702127659566,3.5893409779211565,,,3.5893409779211565,model
1951-03-01,9.322033898305085,3.47142181125499,,,3.47142181125499,model
1951-04-01,9.322033898305085,3.439952110074895,,,3.439952110074895,model
1951-05-01,9.282700421940929,3.4730078214915996,,,3.4730078214915996,model
1951-06-01,8.823529411764696,3.452611773026285,,,3.452611773026285,model
1951-07-01,7.468879668049788,3.2528935643254284,,,3.2528935643254284,model
1951-08-01,6.584362139917688,3.1486415806116526,,,3.1486415806116526,model
1951-09-01,6.9672131147541005,3.28663282422422,,,3.28663282422422,model
1951-10-01,6.5040650406503975,3.2511303116233687,,,3.2511303116233687,model
1951-11-01,6.882591093117396,3.4087034926719846,,,3.4087034926719846,model
1951-12-01,6.000000000000005,3.356231687588572,,,3.356231687588572,model
1952-01-01,4.330708661417337,3.155361347952728,,,3.155361347952728,model
1952-02-01,2.3346303501945664,2.886056732259373,,,2.886056732259373,model
1952-03-01,1.9379844961240345,2.9171985029612824,,,2.9171985029612824,model
1952-04-01,2.325581395348819,3.04978457596489,,,3.04978457596489,model
1952-05-01,1.9305019305019264,2.9598647644244114,,,2.9598647644244114,model
1952-06-01,2.316602316602312,3.007457579872689,,,3.007457579872689,model
1952-07-01,3.088803088803082,3.1503235056594407,,,3.1503235056594407,model
1952-08-01,3.088803088803082,3.1522182109829617,,,3.1522182109829617,model
1952-09-01,2.298850574712641,3.0235139917607707,,,3.0235139917607707,model
1952-10-01,1.9083969465648831,3.0039126026496175,,,3.0039126026496175,model
1952-11-01,1.1363636363636465,2.9155140107297988,,,2.9155140107297988,model
1952-12-01,0.7547169811320753,2.8831825919044256,,,2.8831825919044256,model
1953-01-01,0.3773584905660376,2.82898908552614,,,2.82898908552614,model
1953-02-01,0.7604562737642651,2.9103407288192664,,,2.9103407288192664,model
1953-03-01,1.1406844106463865,2.972716197727076,,,2.972716197727076,model
1953-04-01,0.7575757575757791,2.876622616630989,,,2.876622616630989,model
1953-05-01,1.1363636363636465,2.9502655815302923,,,2.9502655815302923,model
1953-06-01,1.132075471698113,2.950914689988583,,,2.950914689988583,model
1953-07-01,0.3745318352059934,2.7949787092938307,,,2.7949787092938307,model
1953-08-01,0.7490636704119868,2.866853504654769,,,2.866853504654769,model
1953-09-01,0.7490636704119868,2.8666256376291748,,,2.8666256376291748,model
1953-10-01,1.1235955056179805,2.9287731591198107,,,2.9287731591198107,model
1953-11-01,0.7490636704119868,2.8333920752507766,,,2.8333920752507766,model
1953-12-01,0.7490636704119868,2.811025767498198,,,2.811025767498198,model
1954-01-01,1.1278195488721776,2.8779565991275935,,,2.8779565991275935,model
1954-02-01,1.5094339622641506,2.9506070297419056,,,2.9506070297419056,model
1954-03-01,1.1278195488721776,2.8744421285041257,,,2.8744421285041257,model
1954-04-01,0.7518796992481258,2.8150074293212843,,,2.8150074293212843,model
1954-05-01,0.7490636704119868,2.8431565234445317,,,2.8431565234445317,model
1954-06-01,0.3731343283581934,2.8009625187275784,,,2.8009625187275784,model
1954-07-01,0.3731343283581934,2.83598307621826,,,2.83598307621826,model
1954-08-01,0.0,2.7977704213784444,,,2.7977704213784444,model
1954-09-01,-0.3717472118959009,2.7503655779208516,,,2.7503655779208516,model
1954-10-01,-0.7407407407407418,2.7044029954438877,,,2.7044029954438877,model
1954-11-01,-0.3717472118959009,2.7994722894380817,,,2.7994722894380817,model
1954-12-01,-0.743494423791824,2.734737109192891,,,2.734737109192891,model
1955-01-01,-0.743494423791824,2.7348576715781654,,,2.7348576715781654,model
1955-02-01,-0.743494423791824,2.733041076689438,,,2.733041076689438,model
1955-03-01,-0.743494423791824,2.731423045765573,,,2.731423045765573,model
1955-04-01,-0.3731343283582156,2.8015354580970824,,,2.8015354580970824,model
1955-05-01,-0.743494423791824,2.715207130094777,,,2.715207130094777,model
1955-06-01,-0.743494423791824,2.698236092879245,,,2.698236092879245,model
1955-07-01,-0.3717472118959009,2.7475865930700643,,,2.7475865930700643,model
1955-08-01,-0.3717472118959009,2.7149975204421404,,,2.7149975204421404,model
1955-09-01,0.3731343283581934,2.8317496589436377,,,2.8317496589436377,model
1955-10-01,0.3731343283581934,2.8056131986426016,,,2.8056131986426016,model
1955-11-01,0.3731343283581934,2.785859135141914,,,2.785859135141914,model
1955-12-01,0.3745318352059934,2.7801941281797777,,,2.7801941281797777,model
1956-01-01,0.3745318352059934,2.776561806136409,,,2.776561806136409,model
1956-02-01,0.3745318352059934,2.763680654273482,,,2.763680654273482,model
1956-03-01,0.3745318352059934,2.736750962185177,,,2.736750962185177,model
1956-04-01,0.7490636704119868,2.767715265077633,,,2.767715265077633,model
1956-05-01,1.1235955056179805,2.7912635752872266,,,2.7912635752872266,model
1956-06-01,1.8726591760299671,2.8964724192726052,,,2.8964724192726052,model
1956-07-01,2.238805970149249,2.932899565394133,,,2.932899565394133,model
1956-08-01,1.865671641791056,2.8264411315531217,,,2.8264411315531217,model
1956-09-01,1.8587360594795488,2.804934671508776,,,2.804934671508776,model
1956-10-01,2.230483271375472,2.8558356951818484,,,2.8558356951818484,model
1956-11-01,2.230483271375472,2.822262223697679,,,2.822262223697679,model
1956-12-01,2.9850746268656803,2.930163119084787,,,2.930163119084787,model
1957-01-01,2.9850746268656803,2.884404780692406,,,2.884404780692406,model
1957-02-01,3.3582089552238736,2.918681274130473,,,2.918681274130473,model
1957-03-01,3.731343283582089,2.9701388409507246,,,2.9701388409507246,model
1957-04-01,3.7174721189590976,2.9577977027368005,,,2.9577977027368005,model
1957-05-01,3.703703703703698,2.955162828305719,,,2.955162828305719,model
1957-06-01,3.308823529411775,2.8817003797272878,,,2.8817003797272878,model
1957-07-01,3.284671532846728,2.8924573131952602,,,2.8924573131952602,model
1957-08-01,3.663003663003672,2.988687968967598,,,2.988687968967598,model
1957-09-01,3.284671532846728,2.9225681442094507,,,2.9225681442094507,model
1957-10-01,2.9090909090909056,2.8560040127369284,,,2.8560040127369284,model
1957-11-01,3.272727272727272,2.932716840825892,,,2.932716840825892,model
1957-12-01,2.898550724637672,2.8562662769135634,,,2.8562662769135634,model
1958-01-01,3.6231884057970953,2.98902751038007,,,2.98902751038007,model
1958-02-01,3.249097472924189,2.904710804115748,,,2.904710804115748,model
1958-03-01,3.597122302158273,2.9736415671567373,,,2.9736415671567373,model
1958-04-01,3.584229390680993,2.9908846724911893,,,2.9908846724911893,model
1958-05-01,3.214285714285703,2.946899673740877,,,2.946899673740877,model
1958-06-01,2.8469750889679624,2.916138700762309,,,2.916138700762309,model
1958-07-01,2.473498233215543,2.8857118592439597,,,2.8857118592439597,model
1958-08-01,2.1201413427561766,2.851682311309337,,,2.851682311309337,model
1958-09-01,2.1201413427561766,2.88055370426051,,,2.88055370426051,model
1958-10-01,2.1201413427561766,2.907356698649298,,,2.907356698649298,model
1958-11-01,2.1126760563380254,2.9348616667222394,,,2.9348616667222394,model
1958-12-01,1.760563380281699,2.903383867289585,,,2.903383867289585,model
1959-01-01,1.3986013986013957,2.883971406793402,,,2.883971406793402,model
1959-02-01,1.0489510489510412,2.868362660762411,,,2.868362660762411,model
1959-03-01,0.3472222222222099,2.771882141533725,,,2.771882141533725,model
1959-04-01,0.34602076124568,2.798732146473117,,,2.798732146473117,model
1959-05-01,0.34602076124568,2.808842712960063,,,2.808842712960063,model
1959-06-01,0.6920415224913601,2.8637676327092074,,,2.8637676327092074,model
1959-07-01,0.6896551724137945,2.8337906767556293,,,2.8337906767556293,model
1959-08-01,1.038062283737018,2.869208242570319,,,2.869208242570319,model
1959-09-01,1.384083044982698,2.9138301209755157,,,2.9138301209755157,model
1959-10-01,1.730103806228378,2.961919393113146,,,2.961919393113146,model
1959-11-01,1.379310344827589,2.8849111428664758,,,2.8849111428664758,model
1959-12-01,1.730103806228378,2.9497656266359913,,,2.9497656266359913,model
1960-01-01,1.0344827586207028,2.8090106358764766,,,2.8090106358764766,model
1960-02-01,1.730103806228378,2.945656250575334,,,2.945656250575334,model
1960-03-01,1.730103806228378,2.9444580030601326,,,2.9444580030601326,model
1960-04-01,1.724137931034475,2.9373640657560145,,,2.9373640657560145,model
1960-05-01,1.724137931034475,2.946553819987078,,,2.946553819987078,model
1960-06-01,1.718213058419238,2.962160708910656,,,2.962160708910656,model
1960-07-01,1.3698630136986356,2.913973633136885,,,2.913973633136885,model
1960-08-01,1.3698630136986356,2.9312780176660334,,,2.9312780176660334,model
1960-09-01,1.0238907849829282,2.875421741358105,,,2.875421741358105,model
1960-10-01,1.3605442176870763,2.9482558120823246,,,2.9482558120823246,model
1960-11-01,1.3605442176870763,2.9457687689884926,,,2.9457687689884926,model
1960-12-01,1.3605442176870763,2.943355502911894,,,2.943355502911894,model
1961-01-01,1.7064846416382284,3.0182354585710716,,,3.0182354585710716,model
1961-02-01,1.3605442176870763,2.9630625533247503,,,2.9630625533247503,model
1961-03-01,1.3605442176870763,2.982616859430577,,,2.982616859430577,model
1961-04-01,1.016949152542379,2.939927436010714,,,2.939927436010714,model
1961-05-01,1.016949152542379,2.95370471696932,,,2.95370471696932,model
1961-06-01,0.6756756756756799,2.8971022734308116,,,2.8971022734308116,model
1961-07-01,1.3513513513513375,3.038152339513357,,,3.038152339513357,model
1961-08-01,1.0135135135135087,2.9828079394462153,,,2.9828079394462153,model
1961-09-01,1.3513513513513375,3.0629820158811323,,,3.0629820158811323,model
1961-10-01,0.6711409395973034,2.947008502611315,,,2.947008502611315,model
1961-11-01,0.6711409395973034,2.9650637449613564,,,2.9650637449613564,model
1961-12-01,0.6711409395973034,2.9782337210648566,,,2.9782337210648566,model
1962-01-01,0.6711409395973034,2.977260864405868,,,2.977260864405868,model
1962-02-01,1.0067114093959662,3.033408781954882,,,3.033408781954882,model
1962-03-01,1.0067114093959662,3.020393849744303,,,3.020393849744303,model
1962-04-01,1.342281879194629,3.0783366684666644,,,3.0783366684666644,model
1962-05-01,1.342281879194629,3.079129777935878,,,3.079129777935878,model
1962-06-01,1.342281879194629,3.079580350791712,,,3.079580350791712,model
1962-07-01,1.0000000000000009,3.0165389435311636,,,3.0165389435311636,model
1962-08-01,1.3377926421404671,3.092361210881931,,,3.092361210881931,model
1962-09-01,1.3333333333333195,3.0985115271671964,,,3.0985115271671964,model
1962-10-01,1.3333333333333195,3.1015315682212186,,,3.1015315682212186,model
1962-11-01,1.3333333333333195,3.110274807536582,,,3.110274807536582,model
1962-12-01,1.3333333333333195,3.125233216059118,,,3.125233216059118,model
1963-01-01,1.3333333333333195,3.1386989453838092,,,3.1386989453838092,model
1963-02-01,0.9966777408637828,3.0888691766287737,,,3.0888691766287737,model
1963-03-01,1.3289036544850363,3.1725997061053426,,,3.1725997061053426,model
1963-04-01,0.9933774834437026,3.1150517278991483,,,3.1150517278991483,model
1963-05-01,0.9933774834437026,3.1194249205809834,,,3.1194249205809834,model
1963-06-01,1.324503311258285,3.1943761157458748,,,3.1943761157458748,model
1963-07-01,1.320132013201314,3.2017399366298926,,,3.2017399366298926,model
1963-08-01,1.320132013201314,3.205017897139685,,,3.205017897139685,model
1963-09-01,0.9868421052631636,3.143284798460786,,,3.143284798460786,model
1963-10-01,1.3157894736842255,3.210773956071475,,,3.210773956071475,model
1963-11-01,1.3157894736842255,3.210206492174221,,,3.210206492174221,model
1963-12-01,1.6447368421052655,3.273614500121591,,,3.273614500121591,model
1964-01-01,1.6447368421052655,3.2808222516302874,,,3.2808222516302874,model
1964-02-01,1.6447368421052655,3.2931282125610117,,,3.2931282125610117,model
1964-03-01,1.3114754098360717,3.2452083339678164,,,3.2452083339678164,model
1964-04-01,1.3114754098360717,3.267127059230686,,,3.267127059230686,model
1964-05-01,1.3114754098360717,3.28998690845879,,,3.28998690845879,model
1964-06-01,1.3071895424836557,3.3101748636684696,,,3.3101748636684696,model
1964-07-01,1.3029315960912058,3.3256871996147397,,,3.3256871996147397,model
1964-08-01,0.9771986970684045,3.2790282043836356,,,3.2790282043836356,model
1964-09-01,1.3029315960912058,3.3611221632009682,,,3.3611221632009682,model
1964-10-01,0.9740259740259828,3.314930957127554,,,3.314930957127554,model
1964-11-01,1.298701298701288,3.3967712732699535,,,3.3967712732699535,model
1964-12-01,0.9708737864077666,3.347347844096833,,,3.347347844096833,model
1965-01-01,0.9708737864077666,3.353153711986782,,,3.353153711986782,model
1965-02-01,0.9708737864077666,3.3538270639245926,,,3.3538270639245926,model
1965-03-01,1.2944983818770297,3.4121820165044694,,,3.4121820165044694,model
1965-04-01,1.6181229773462702,3.464973088494041,,,3.464973088494041,model
1965-05-01,1.6181229773462702,3.4567161165609646,,,3.4567161165609646,model
1965-06-01,1.935483870967736,3.5171427090079037,,,3.5171427090079037,model
1965-07-01,1.6077170418006492,3.4590862741303523,,,3.4590862741303523,model
1965-08-01,1.935483870967736,3.534503641198114,,,3.534503641198114,model
1965-09-01,1.6077170418006492,3.4854015988810922,,,3.4854015988810922,model
1965-10-01,1.9292604501607744,3.559374733967454,,,3.559374733967454,model
1965-11-01,1.6025641025640969,3.4999922866780633,,,3.4999922866780633,model
1965-12-01,1.9230769230769384,3.5559804577133693,,,3.5559804577133693,model
1966-01-01,1.9230769230769384,3.5452283092206436,,,3.5452283092206436,model
1966-02-01,2.564102564102577,3.6555335949292416,,,3.6555335949292416,model
1966-03-01,2.5559105431310014,3.6401334911335397,,,3.6401334911335397,model
1966-04-01,2.8662420382165488,3.696585795730269,,,3.696585795730269,model
1966-05-01,2.8662420382165488,3.694315644679921,,,3.694315644679921,model
1966-06-01,2.5316455696202445,3.617415324327005,,,3.617415324327005,model
1966-07-01,2.848101265822778,3.672393431219743,,,3.672393431219743,model
1966-08-01,3.4810126582278444,3.78628672768349,,,3.78628672768349,model
1966-09-01,3.4810126582278444,3.769895245350071,,,3.769895245350071,model
1966-10-01,3.785488958990535,3.8277304306788937,,,3.8277304306788937,model
1966-11-01,3.785488958990535,3.8437682953455017,,,3.8437682953455017,model
1966-12-01,3.459119496855334,3.812844194379923,,,3.812844194379923,model
1967-01-01,3.459119496855334,3.8588761174870045,,,3.8588761174870045,model
1967-02-01,2.812499999999996,3.7796097195779987,,,3.7796097195779987,model
1967-03-01,2.8037383177569986,3.8188000940638096,,,3.8188000940638096,model
1967-04-01,2.4767801857585203,3.788047754194457,,,3.788047754194457,model
1967-05-01,2.786377708978338,3.874895218752623,,,3.874895218752623,model
1967-06-01,2.777777777777768,3.896068137331566,,,3.896068137331566,model
1967-07-01,2.7692307692307683,3.9099088913576194,,,3.9099088913576194,model
1967-08-01,2.4464831804281277,3.866001080217498,,,3.866001080217498,model
1967-09-01,2.752293577981657,3.9429301055224166,,,3.9429301055224166,model
1967-10-01,2.4316109422492627,3.8814520873792286,,,3.8814520873792286,model
1967-11-01,2.7355623100303816,3.926402836577977,,,3.926402836577977,model
1967-12-01,3.039513677811545,3.9649307844878328,,,3.9649307844878328,model
1968-01-01,3.647416413373872,4.060709108037846,,,4.060709108037846,model
1968-02-01,3.951367781155035,4.100679005976433,,,4.100679005976433,model
1968-03-01,3.939393939393932,4.085309910924104,,,4.085309910924104,model
1968-04-01,3.92749244712991,4.077817147760123,,,4.077817147760123,model
1968-05-01,3.915662650602392,4.073998301071018,,,4.073998301071018,model
1968-06-01,4.2042042042042205,4.131630813879817,,,4.131630813879817,model
1968-07-01,4.491017964071853,4.187252536000071,,,4.187252536000071,model
1968-08-01,4.477611940298498,4.1787309808363196,,,4.1787309808363196,model
1968-09-01,4.464285714285721,4.176140663710017,,,4.176140663710017,model
1968-10-01,4.7477744807121525,4.242345972930313,,,4.242345972930313,model
1968-11-01,4.7337278106508895,4.25408253909286,,,4.25408253909286,model
1968-12-01,4.71976401179941,4.259338364824501,,,4.259338364824501,model
1969-01-01,4.398826979472137,4.194396672109368,,,4.194396672109368,model
1969-02-01,4.678362573099393,4.243912374854495,,,4.243912374854495,model
1969-03-01,5.247813411078739,4.349255469801409,,,4.349255469801409,model
1969-04-01,5.523255813953476,4.391486360091105,,,4.391486360091105,model
1969-05-01,5.507246376811592,4.379577552425255,,,4.379577552425255,model
1969-06-01,5.475504322766556,4.37298085668139,,,4.37298085668139,model
1969-07-01,5.4441260744985565,4.3744759168161105,,,4.3744759168161105,model
1969-08-01,5.714285714285716,4.437057300671783,,,4.437057300671783,model
1969-09-01,5.698005698005693,4.4350970481182035,,,4.4350970481182035,model
1969-10-01,5.665722379603411,4.42434677989619,,,4.42434677989619,model
1969-11-01,5.932203389830515,4.477623436287387,,,4.477623436287387,model
1969-12-01,6.197183098591563,4.534491898166208,,,4.534491898166208,model
1970-01-01,6.179775280898858,4.539941470437334,,,4.539941470437334,model
1970-02-01,6.145251396648055,4.544926701367089,,,4.544926701367089,model
1970-03-01,5.817174515235468,4.4968410089002955,,,4.4968410089002955,model
1970-04-01,6.060606060606077,4.566633963103432,,,4.566633963103432,model
1970-05-01,6.043956043956045,4.586574097945473,,,4.586574097945473,model
1970-06-01,6.010928961748618,4.606806933620881,,,4.606806933620881,model
1970-07-01,5.978260869565233,4.627269758222377,,,4.627269758222377,model
1970-08-01,5.405405405405395,4.539604110326284,,,4.539604110326284,model
1970-09-01,5.660377358490565,4.618540446127586,,,4.618540446127586,model
1970-10-01,5.630026809651478,4.639602325509124,,,4.639602325509124,model
1970-11-01,5.600000000000005,4.6588508675827445,,,4.6588508675827445,model
1970-12-01,5.570291777188308,4.6878939699211175,,,4.6878939699211175,model
1971-01-01,5.291005291005302,4.677225385576159,,,4.677225385576159,model
1971-02-01,5.000000000000004,4.673007750997672,,,4.673007750997672,model
1971-03-01,4.712041884816753,4.664148911867253,,,4.664148911867253,model
1971-04-01,4.155844155844157,4.590910082711943,,,4.590910082711943,model
1971-05-01,4.404145077720201,4.673230699295585,,,4.673230699295585,model
1971-06-01,4.6391752577319645,4.743425592985904,,,4.743425592985904,model
1971-07-01,4.358974358974366,4.71011403901636,,,4.71011403901636,model
1971-08-01,4.615384615384599,4.797031617709305,,,4.797031617709305,model
1971-09-01,4.081632653061207,4.7403688742847425,,,4.7403688742847425,model
1971-10-01,3.8071065989847774,4.736369941363971,,,4.736369941363971,model
1971-11-01,3.282828282828265,4.681267911270641,,,4.681267911270641,model
1971-12-01,3.266331658291466,4.714170680882312,,,4.714170680882312,model
1972-01-01,3.266331658291466,4.7390938131620155,,,4.7390938131620155,model
1972-02-01,3.50877192982455,4.803334964443867,,,4.803334964443867,model
1972-03-01,3.499999999999992,4.821135785215837,,,4.821135785215837,model
1972-04-01,3.4912718204488824,4.8484388042499065,,,4.8484388042499065,model
1972-05-01,3.2258064516129226,4.826633019875995,,,4.826633019875995,model
1972-06-01,2.7093596059113434,4.753151024456278,,,4.753151024456278,model
1972-07-01,2.9484029484029284,4.823868677972956,,,4.823868677972956,model
1972-08-01,2.941176470588247,4.831297149047521,,,4.831297149047521,model
1972-09-01,3.1862745098039325,4.87543276040472,,,4.87543276040472,model
1972-10-01,3.4229828850855792,4.9200093661910795,,,4.9200093661910795,model
1972-11-01,3.667481662591676,4.962662123799186,,,4.962662123799186,model
1972-12-01,3.406326034063256,4.899134051827405,,,4.899134051827405,model
1973-01-01,3.649635036496357,4.926223817477384,,,4.926223817477384,model
1973-02-01,3.874092009685226,4.939164192331983,,,4.939164192331983,model
1973-03-01,4.589371980676327,5.035495532132756,,,5.035495532132756,model
1973-04-01,5.060240963855422,5.075826197088901,,,5.075826197088901,model
1973-05-01,5.528846153846145,5.115701181473834,,,5.115701181473834,model
1973-06-01,5.995203836930463,5.143112109472833,,,5.143112109472833,model
1973-07-01,5.727923627684972,5.028277002825739,,,5.028277002825739,model
1973-08-01,7.380952380952377,5.301850278187509,,,5.301850278187509,model
1973-09-01,7.3634204275534465,5.2369738920235545,,,5.2369738920235545,model
1973-10-01,7.801418439716312,5.254142118641127,,,5.254142118641127,model
1973-11-01,8.25471698113207,5.283320296835386,,,5.283320296835386,model
1973-12-01,8.705882352941185,5.307790443496225,,,5.307790443496225,model
1974-01-01,9.38967136150235,5.382358384294755,,,5.382358384294755,model
1974-02-01,10.023310023310028,5.4590781510404565,,,5.4590781510404565,model
1974-03-01,10.39260969976905,5.485879730960277,,,5.485879730960277,model
1974-04-01,10.09174311926606,5.3876200557752485,,,5.3876200557752485,model
1974-05-01,10.70615034168565,5.481516894791513,,,5.481516894791513,model
1974-06-01,10.859728506787311,5.493985618862572,,,5.493985618862572,model
1974-07-01,11.51241534988714,5.58933357398106,,,5.58933357398106,model
1974-08-01,10.864745011086471,5.425083692353102,,,5.425083692353102,model
1974-09-01,11.94690265486724,5.6134564572826795,,,5.6134564572826795,model
1974-10-01,12.06140350877194,5.619111477321603,,,5.619111477321603,model
1974-11-01,12.200435729847502,5.641585516570185,,,5.641585516570185,model
1974-12-01,12.337662337662335,5.699366038932488,,,5.699366038932488,model
1975-01-01,11.802575107296144,5.652812222831798,,,5.652812222831798,model
1975-02-01,11.228813559322038,5.613881220972275,,,5.613881220972275,model
1975-03-01,10.251046025104603,5.508178395387037,,,5.508178395387037,model
1975-04-01,10.20833333333333,5.582295013907088,,,5.582295013907088,model
1975-05-01,9.4650205761317,5.499988222966242,,,5.499988222966242,model
1975-06-01,9.387755102040815,5.552290840093254,,,5.552290840093254,model
1975-07-01,9.716599190283404,5.694969333795017,,,5.694969333795017,model
1975-08-01,8.599999999999985,5.544819169491481,,,5.544819169491481,model
1975-09-01,7.905138339920947,5.4806387649924275,,,5.4806387649924275,model
1975-10-01,7.4363992172211235,5.471197176135545,,,5.471197176135545,model
1975-11-01,7.37864077669903,5.53207763657523,,,5.53207763657523,model
1975-12-01,6.936416184971095,5.50400822795576,,,5.50400822795576,model
1976-01-01,6.717850287907878,5.511416210782608,,,5.511416210782608,model
1976-02-01,6.285714285714272,5.469228252512379,,,5.469228252512379,model
1976-03-01,6.072106261859567,5.460582032672978,,,5.460582032672978,model
1976-04-01,6.0491493383743045,5.488341090167476,,,5.488341090167476,model
1976-05-01,6.203007518796988,5.550700836777364,,,5.550700836777364,model
1976-06-01,5.970149253731338,5.526238630836602,,,5.526238630836602,model
1976-07-01,5.350553505535061,5.425744012923284,,,5.425744012923284,model
1976-08-01,5.7090239410681365,5.5283935443508,,,5.5283935443508,model
1976-09-01,5.494505494505497,5.520476021320544,,,5.520476021320544,model
1976-10-01,5.464480874316946,5.538448163929367,,,5.538448163929367,model
1976-11-01,4.88245931283906,5.434747631030714,,,5.434747631030714,model
1976-12-01,4.86486486486486,5.423234406959746,,,5.423234406959746,model
1977-01-01,5.215827338129486,5.465261278102155,,,5.465261278102155,model
1977-02-01,5.913978494623673,5.555470250600896,,,5.555470250600896,model
1977-03-01,6.440071556350624,5.609122386695125,,,5.609122386695125,model
1977-04-01,6.951871657754016,5.667681472325264,,,5.667681472325264,model
1977-05-01,6.725663716814156,5.597229546320218,,,5.597229546320218,model
1977-06-01,6.866197183098599,5.621992256021774,,,5.621992256021774,model
1977-07-01,6.8301225919439545,5.626447954563494,,,5.626447954563494,model
1977-08-01,6.620209059233462,5.598276104471128,,,5.598276104471128,model
1977-09-01,6.59722222222221,5.603825837114437,,,5.603825837114437,model
1977-10-01,6.390328151986191,5.569780971552525,,,5.569780971552525,model
1977-11-01,6.72413793103448,5.640410139450987,,,5.640410139450987,model
1977-12-01,6.70103092783505,5.642468805496637,,,5.642468805496637,model
1978-01-01,6.837606837606836,5.673330018646121,,,5.673330018646121,model
1978-02-01,6.429780033840937,5.595988215432049,,,5.595988215432049,model
1978-03-01,6.554621848739495,5.616092604229774,,,5.616092604229774,model
1978-04-01,6.499999999999995,5.588494220054962,,,5.588494220054962,model
1978-05-01,6.965174129353247,5.650209910028318,,,5.650209910028318,model
1978-06-01,7.413509060955525,5.699833870237945,,,5.699833870237945,model
1978-07-01,7.7049180327869,5.706129140559963,,,5.706129140559963,model
1978-08-01,7.843137254901955,5.678600005510374,,,5.678600005510374,model
1978-09-01,8.306188925081436,5.725311445682106,,,5.725311445682106,model
1978-10-01,8.92857142857142,5.808700631376799,,,5.808700631376799,model
1978-11-01,8.8852988691438,5.75603069635789,,,5.75603069635789,model
1978-12-01,9.017713365539448,5.737124953309263,,,5.737124953309263,model
1979-01-01,9.28,5.74817143083084,,,5.74817143083084,model
1979-02-01,9.85691573926868,5.816024320081653,,,5.816024320081653,model
1979-03-01,10.094637223974768,5.810438927291757,,,5.810438927291757,model
1979-04-01,10.485133020344284,5.837661475746807,,,5.837661475746807,model
1979-05-01,10.852713178294572,5.862183058257166,,,5.862183058257166,model
1979-06-01,10.889570552147232,5.816383031275526,,,5.816383031275526,model
1979-07-01,11.263318112633169,5.839850615197843,,,5.839850615197843,model
1979-08-01,11.818181818181817,5.904620964306146,,,5.904620964306146,model
1979-09-01,12.180451127819536,5.920955926324321,,,5.920955926324321,model
1979-10-01,12.071535022354718,5.832791981250077,,,5.832791981250077,model
1979-11-01,12.611275964391687,5.871394539036109,6.9,Livingston/BlueChip,6.9,survey
1979-12-01,13.293943870014768,5.936520748730036,,,5.936520748730036,model
1980-01-01,13.90922401171304,5.98012338021312,,,5.98012338021312,model
1980-02-01,14.1823444283647,5.967105399149108,,,5.967105399149108,model
1980-03-01,14.756446991404015,6.040372251750737,,,6.040372251750737,model
1980-04-01,14.730878186968855,6.021491704141916,,,6.021491704141916,model
1980-05-01,14.40559440559439,5.9795438372530665,7.85,Livingston/BlueChip,7.85,survey
1980-06-01,14.384508990318135,6.023096926536386,,,6.023096926536386,model
1980-07-01,13.132694938440515,5.826460093698969,,,5.826460093698969,model
1980-08-01,12.872628726287273,5.821767992441698,,,5.821767992441698,model
1980-09-01,12.600536193029498,5.8084071861185365,,,5.8084071861185365,model
1980-10-01,12.765957446808509,5.865873891506952,,,5.865873891506952,model
1980-11-01,12.648221343873512,5.868480249054278,8.25,Livingston/BlueChip,8.25,survey
1980-12-01,12.51629726205996,5.87800000229694,,,5.87800000229694,model
1981-01-01,11.82519280205656,5.797506421517237,,,5.797506421517237,model
1981-02-01,11.406844106463886,5.784409256218457,,,5.784409256218457,model
1981-03-01,10.486891385767796,5.670279240347715,,,5.670279240347715,model
1981-04-01,9.999999999999986,5.623626273302173,,,5.623626273302173,model
1981-05-01,9.7799511002445,5.591762456312998,7.8,Livingston/BlueChip,7.8,survey
1981-06-01,9.552599758162028,5.5286927164813715,,,5.5286927164813715,model
1981-07-01,10.761789600967342,5.739923569919149,,,5.739923569919149,model
1981-08-01,10.80432172869148,5.7257494303633445,,,5.7257494303633445,model
1981-09-01,10.952380952380958,5.750938842372646,,,5.750938842372646,model
1981-10-01,10.14150943396228,5.623171687115805,,,5.623171687115805,model
1981-11-01,9.590643274853791,5.5761483487943355,7.05,Livingston/BlueChip,7.05,survey
1981-12-01,8.92236384704519,5.52872294861842,,,5.52872294861842,model
1982-01-01,8.390804597701141,5.5126924619066076,,,5.5126924619066076,model
1982-02-01,7.622298065984068,5.4372702352971665,,,5.4372702352971665,model
1982-03-01,6.779661016949157,5.323444174572593,,,5.323444174572593,model
1982-04-01,6.509539842873191,5.302954788465687,,,5.302954788465687,model
1982-05-01,6.681514476614692,5.363125760639985,5.7,Livingston/BlueChip,5.7,survey
1982-06-01,7.064017660044164,5.461943620559398,,,5.461943620559398,model
1982-07-01,6.4410480349345045,5.365633055922501,,,5.365633055922501,model
1982-08-01,5.850487540628402,5.284691436009966,,,5.284691436009966,model
1982-09-01,5.04291845493563,5.180045740791113,,,5.180045740791113,model
1982-10-01,5.139186295503206,5.2630855238109815,,,5.2630855238109815,model
1982-11-01,4.589114194236932,5.205340319586724,5.65,Livingston/BlueChip,5.65,survey
1982-12-01,3.829787234042548,5.089893538992051,,,5.089893538992051,model
1983-01-01,3.711558854718988,5.093215886873645,,,5.093215886873645,model
1983-02-01,3.488372093023262,5.059470665359205,5.3,Livingston/BlueChip,5.3,survey
1983-03-01,3.5978835978836,5.086517702397351,,,5.086517702397351,model
1983-04-01,3.898840885142252,5.162924281204716,,,5.162924281204716,model
1983-05-01,3.549060542797511,5.109339345646598,,,5.109339345646598,model
1983-06-01,2.577319587628857,4.929746838342923,,,4.929746838342923,model
1983-07-01,2.4615384615384706,4.919991319811067,,,4.919991319811067,model
1983-08-01,2.558853633572156,4.939693997047941,,,4.939693997047941,model
1983-09-01,2.860061287027582,4.968726661194259,,,4.968726661194259,model
1983-10-01,2.851323828920571,4.912060585169693,,,4.912060585169693,model
1983-11-01,3.2653061224489743,4.928475446628221,5.2,Livingston/BlueChip,5.2,survey
1983-12-01,3.7909836065573854,4.963059678740935,,,4.963059678740935,model
1984-01-01,4.192229038854811,4.973432202135268,,,4.973432202135268,model
1984-02-01,4.596527068437184,5.000523096629728,5.6,Livingston/BlueChip,5.6,survey
1984-03-01,4.80081716036771,5.009045618571381,,,5.009045618571381,model
1984-04-01,4.563894523326573,4.944275056799999,,,4.944275056799999,model
1984-05-01,4.233870967741948,4.872401721530749,,,4.872401721530749,model
1984-06-01,4.221105527638192,4.86870180646703,,,4.86870180646703,model
1984-07-01,4.204204204204198,4.860545125961195,,,4.860545125961195,model
1984-08-01,4.291417165668654,4.8677481172645845,,,4.8677481172645845,model
1984-09-01,4.270109235352537,4.855331476732279,,,4.855331476732279,model
1984-10-01,4.257425742574261,4.849983122981742,,,4.849983122981742,model
1984-11-01,4.051383399209474,4.815158650265915,5.2,Livingston/BlueChip,5.2,survey
1984-12-01,3.948667324777877,4.802302469171748,,,4.802302469171748,model
1985-01-01,3.5328753680078373,4.722171864214166,,,4.722171864214166,model
1985-02-01,3.515625,4.7165383066908335,4.35,Livingston/BlueChip,4.35,survey
1985-03-01,3.70370370370372,4.745746996365936,,,4.745746996365936,model
1985-04-01,3.6857419980601542,4.7266545314377355,,,4.7266545314377355,model
1985-05-01,3.771760154738879,4.731602563089621,,,4.731602563089621,model
1985-06-01,3.760848601735778,4.725899560714605,,,4.725899560714605,model
1985-07-01,3.5542747358309423,4.68613752281143,,,4.68613752281143,model
1985-08-01,3.349282296650724,4.64540738836431,,,4.64540738836431,model
1985-09-01,3.142857142857136,4.596111735155285,,,4.596111735155285,model
1985-10-01,3.228869895536568,4.594730311518585,,,4.594730311518585,model
1985-11-01,3.5137701804368597,4.630782977267597,4.55,Livingston/BlueChip,4.55,survey
1985-12-01,3.798670465337128,4.6823479669171935,,,4.6823479669171935,model
1986-01-01,3.8862559241706007,4.71957197506338,,,4.71957197506338,model
1986-02-01,3.113207547169816,4.607601521389471,4.0,Livingston/BlueChip,4.0,survey
1986-03-01,2.2556390977443552,4.4898360999874685,,,4.4898360999874685,model
1986-04-01,1.5902712815715423,4.407879351752545,,,4.407879351752545,model
1986-05-01,1.491146318732528,4.424474189351229,,,4.424474189351229,model
1986-06-01,1.7657992565055736,4.492369249343973,,,4.492369249343973,model
1986-07-01,1.576994434137302,4.447041852050029,,,4.447041852050029,model
1986-08-01,1.5740740740740833,4.4388744254317665,,,4.4388744254317665,model
1986-09-01,1.7543859649122862,4.475949823442109,,,4.475949823442109,model
1986-10-01,1.4719411223550916,4.419921924648325,,,4.419921924648325,model
1986-11-01,1.2844036697247765,4.371775027803238,4.0,Livingston/BlueChip,4.0,survey
1986-12-01,1.097895699908502,4.304926211743329,,,4.304926211743329,model
1987-01-01,1.4598540145985384,4.318449856897734,,,4.318449856897734,model
1987-02-01,2.104300091491296,4.364768910779695,4.2,Livingston/BlueChip,4.2,survey
1987-03-01,3.0330882352941124,4.461015691468026,,,4.461015691468026,model
1987-04-01,3.7753222836095945,4.52896219094713,,,4.52896219094713,model
1987-05-01,3.85674931129476,4.476275284973791,,,4.476275284973791,model
1987-06-01,3.65296803652968,4.38326341160098,,,4.38326341160098,model
1987-07-01,3.926940639269394,4.4030198634574615,,,4.4030198634574615,model
1987-08-01,4.284412032816776,4.443037166331124,,,4.443037166331124,model
1987-09-01,4.355716878402904,4.42519250919842,,,4.42519250919842,model
1987-10-01,4.533091568449676,4.438399036304845,,,4.438399036304845,model
1987-11-01,4.528985507246386,4.431726714539999,4.5,Livingston/BlueChip,4.5,survey
1987-12-01,4.4343891402715,4.415742940638208,,,4.415742940638208,model
1988-01-01,4.046762589928066,4.346176760529054,,,4.346176760529054,model
1988-02-01,3.942652329749108,4.334718753246311,4.3,Livingston/BlueChip,4.3,survey
1988-03-01,3.925066904549523,4.336872714088672,,,4.336872714088672,model
1988-04-01,3.904170363797688,4.327926208596292,,,4.327926208596292,model
1988-05-01,3.89036251105217,4.3128347362595365,,,4.3128347362595365,model
1988-06-01,3.96475770925111,4.313841735367281,,,4.313841735367281,model
1988-07-01,4.130052724077338,4.3296797208082385,,,4.3296797208082385,model
1988-08-01,4.020979020979021,4.288221219322034,,,4.288221219322034,model
1988-09-01,4.17391304347825,4.299554164530434,,,4.299554164530434,model
1988-10-01,4.249783174327848,4.293393143517918,,,4.293393143517918,model
1988-11-01,4.246100519930662,4.264681217234837,4.35,Livingston/BlueChip,4.35,survey
1988-12-01,4.419410745233954,4.268697406453852,,,4.268697406453852,model
1989-01-01,4.667242869490051,4.285035730592571,,,4.285035730592571,model
1989-02-01,4.827586206896539,4.280483152172385,4.25,Livingston/BlueChip,4.25,survey
1989-03-01,4.978540772532192,4.27496092308201,,,4.27496092308201,model
1989-04-01,5.123825789923142,4.278736589029053,,,4.278736589029053,model
1989-05-01,5.361702127659562,4.313355400236496,,,4.313355400236496,model
1989-06-01,5.16949152542372,4.274723432477822,,,4.274723432477822,model
1989-07-01,4.978902953586495,4.248048962107313,,,4.248048962107313,model
1989-08-01,4.705882352941182,4.207227438478571,,,4.207227438478571,model
1989-09-01,4.340567612687818,4.140892241236325,,,4.140892241236325,model
1989-10-01,4.492512479201327,4.167818857935189,,,4.167818857935189,model
1989-11-01,4.655029093931851,4.1781240614022135,4.2,Livingston/BlueChip,4.2,survey
1989-12-01,4.647302904564321,4.143392477458863,,,4.143392477458863,model
1990-01-01,5.202312138728327,4.226496900566429,,,4.226496900566429,model
1990-02-01,5.263157894736836,4.225628059101931,3.95,Livingston/BlueChip,3.95,survey
1990-03-01,5.233033524121011,4.216837104553353,,,4.216837104553353,model
1990-04-01,4.711616571892785,4.113926100602245,,,4.113926100602245,model
1990-05-01,4.3618739903069415,4.039726915036154,4.21,Livingston/BlueChip,4.21,survey
1990-06-01,4.673650282030639,4.077186454319415,,,4.077186454319415,model
1990-07-01,4.8231511254019255,4.056259926048837,,,4.056259926048837,model
1990-08-01,5.617977528089879,4.1514319914008535,,,4.1514319914008535,model
1990-09-01,6.159999999999988,4.20036230547932,,,4.20036230547932,model
1990-10-01,6.289808917197459,4.1813966129960685,,,4.1813966129960685,model
1990-11-01,6.27482128673551,4.163660354919282,4.15,Livingston/BlueChip,4.15,survey
1990-12-01,6.10626486915149,4.142335163317658,,,4.142335163317658,model
1991-01-01,5.651491365777073,4.079628421026319,,,4.079628421026319,model
1991-02-01,5.312500000000009,4.0424520463208555,4.05,Livingston/BlueChip,4.05,survey
1991-03-01,4.895104895104896,3.985089913651455,,,3.985089913651455,model
1991-04-01,4.8875096974398735,4.00558220763104,,,4.00558220763104,model
1991-05-01,4.953560371517041,4.039986903789826,4.08,Livingston/BlueChip,4.08,survey
1991-06-01,4.695919938414161,4.015220585434369,,,4.015220585434369,model
1991-07-01,4.447852760736182,4.002769009147052,,,4.002769009147052,model
1991-08-01,3.7993920972644313,3.919312361209033,,,3.919312361209033,model
1991-09-01,3.3911077618688834,3.8798528515373043,,,3.8798528515373043,model
1991-10-01,2.921348314606753,3.820139864259042,,,3.820139864259042,model
1991-11-01,2.9895366218236186,3.85864552611316,4.0,SPF,4.0,survey
1991-12-01,3.064275037369213,3.879789967231949,,,3.879789967231949,model
1992-01-01,2.600297176820199,3.7736995239025406,,,3.7736995239025406,model
1992-02-01,2.818991097922829,3.8017478550463086,3.7,SPF,3.7,survey
1992-03-01,3.185185185185202,3.8608311999780214,,,3.8608311999780214,model
1992-04-01,3.1804733727810675,3.838067637291489,,,3.838067637291489,model
1992-05-01,3.023598820059004,3.7862138610537084,3.9,SPF,3.9,survey
1992-06-01,3.088235294117636,3.787006966760895,,,3.787006966760895,model
1992-07-01,3.1571218795888534,3.7924088722235503,,,3.7924088722235503,model
1992-08-01,3.1478770131771583,3.7783373342301636,3.75,SPF,3.75,survey
1992-09-01,2.988338192419837,3.7368757638467835,,,3.7368757638467835,model
1992-10-01,3.2023289665211063,3.77271012242464,,,3.77271012242464,model
1992-11-01,3.047895500725684,3.7288543952626916,3.6,SPF,3.6,survey
1992-12-01,2.9006526468455363,3.684068601343218,,,3.684068601343218,model
1993-01-01,3.258508327299059,3.744606074557386,,,3.744606074557386,model
1993-02-01,3.2467532467532534,3.727417803908704,3.5,SPF,3.5,survey
1993-03-01,3.086862885857844,3.6801058159724995,,,3.6801058159724995,model
1993-04-01,3.2258064516129004,3.7036128450266625,,,3.7036128450266625,model
1993-05-01,3.2211882605583497,3.7048807750117225,3.7,SPF,3.7,survey
1993-06-01,2.9957203994293917,3.661742879304572,,,3.661742879304572,model
1993-07-01,2.77580071174377,3.6222694136980236,,,3.6222694136980236,model
1993-08-01,2.767920511000721,3.6246265723214037,3.45,SPF,3.45,survey
1993-09-01,2.689313517338987,3.608737548878823,,,3.608737548878823,model
1993-10-01,2.7503526093088704,3.6159470143184738,,,3.6159470143184738,model
1993-11-01,2.676056338028188,3.597514244993472,3.45,SPF,3.45,survey
1993-12-01,2.748414376321362,3.6086028936792065,,,3.6086028936792065,model
1994-01-01,2.524544179523147,3.561939242723208,,,3.561939242723208,model
1994-02-01,2.515723270440251,3.560763534980446,3.45,SPF,3.45,survey
1994-03-01,2.506963788300842,3.5597158267977687,,,3.5597158267977687,model
1994-04-01,2.361111111111125,3.522093195576069,,,3.522093195576069,model
1994-05-01,2.288488210818307,3.4906167568598336,3.5,SPF,3.5,survey
1994-06-01,2.4930747922437657,3.509985031631393,,,3.509985031631393,model
1994-07-01,2.7700831024930705,3.54153627880813,,,3.54153627880813,model
1994-08-01,2.900552486187835,3.5481046077889937,3.5,SPF,3.5,survey
1994-09-01,2.963473466574773,3.5458343937046797,,,3.5458343937046797,model
1994-10-01,2.6080988332189525,3.465431007405082,,,3.465431007405082,model
1994-11-01,2.674897119341546,3.4719067360581874,3.5,SPF,3.5,survey
1994-12-01,2.674897119341546,3.463885768060442,,,3.463885768060442,model
1995-01-01,2.804377564979488,3.474663956812428,,,3.474663956812428,model
1995-02-01,2.862985685071595,3.4657550318958315,3.3,SPF,3.3,survey
1995-03-01,2.853260869565233,3.4417883836159637,,,3.4417883836159637,model
1995-04-01,3.0529172320217013,3.466708741523333,,,3.466708741523333,model
1995-05-01,3.186440677966096,3.4871641073995434,3.35,SPF,3.35,survey
1995-06-01,3.0405405405405483,3.457089489050769,,,3.457089489050769,model
1995-07-01,2.7628032345013542,3.4053557787542514,,,3.4053557787542514,model
1995-08-01,2.617449664429538,3.3803553713190766,3.2,SPF,3.2,survey
1995-09-01,2.5435073627844584,3.3696182855033254,,,3.3696182855033254,model
1995-10-01,2.809364548494986,3.4215080364609127,,,3.4215080364609127,model
1995-11-01,2.605210420841697,3.371233509547352,3.0,SPF,3.0,survey
1995-12-01,2.5384101536406245,3.3461771064565062,,,3.3461771064565062,model
1996-01-01,2.727877578176985,3.3722874523165713,,,3.3722874523165713,model
1996-02-01,2.650762094102044,3.34107109605298,3.0,SPF,3.0,survey
1996-03-01,2.840158520475544,3.362555579738422,,,3.362555579738422,model
1996-04-01,2.896642527978943,3.361015918771741,,,3.361015918771741,model
1996-05-01,2.890932982917227,3.345217157541218,3.0,SPF,3.0,survey
1996-06-01,2.754098360655721,3.306122699029603,,,3.306122699029603,model
1996-07-01,2.9508196721311557,3.3339439939170354,,,3.3339439939170354,model
1996-08-01,2.877697841726623,3.3052157473943784,3.0,SPF,3.0,survey
1996-09-01,3.0026109660574507,3.3098960219198017,,,3.3098960219198017,model
1996-10-01,2.9928432010410067,3.28926524159269,,,3.28926524159269,model
1996-11-01,3.255208333333326,3.3287932716648676,3.0,SPF,3.0,survey
1996-12-01,3.322475570032579,3.334941329124055,,,3.334941329124055,model
1997-01-01,3.0440414507771907,3.280804460101037,,,3.280804460101037,model
1997-02-01,3.034215622982561,3.293544789972519,3.0,SPF,3.0,survey
1997-03-01,2.761721258831096,3.2609624680064067,,,3.2609624680064067,model
1997-04-01,2.4952015355086177,3.225916838955785,,,3.225916838955785,model
1997-05-01,2.2349936143039484,3.189895082890251,2.85,SPF,2.85,survey
1997-06-01,2.2973835354180183,3.212924154518755,,,3.212924154518755,model
1997-07-01,2.2292993630573354,3.2039880029504992,,,3.2039880029504992,model
1997-08-01,2.2250476795931284,3.2048627447791427,3.0,SPF,3.0,survey
1997-09-01,2.154626108998725,3.197222403710356,,,3.197222403710356,model
1997-10-01,2.0846493998736504,3.193234047153028,,,3.193234047153028,model
1997-11-01,1.828499369482972,3.155250905472405,2.65,SPF,2.65,survey
1997-12-01,1.7023959646910614,3.1451313466233337,,,3.1451313466233337,model
1998-01-01,1.5713387806411072,3.1322169867855676,,,3.1322169867855676,model
1998-02-01,1.441102756892243,3.111253031585334,2.6,SPF,2.6,survey
1998-03-01,1.374999999999993,3.093688965031527,,,3.093688965031527,model
1998-04-01,1.4357053682896526,3.096438946835653,,,3.096438946835653,model
1998-05-01,1.6864459712679691,3.1343823113059197,2.5,SPF,2.5,survey
1998-06-01,1.6843418590143378,3.1218912635332075,,,3.1218912635332075,model
1998-07-01,1.6822429906542036,3.113785186539264,,,3.113785186539264,model
1998-08-01,1.6169154228855789,3.0981645492979775,2.5,SPF,2.5,survey
1998-09-01,1.488833746898277,3.070279570866957,,,3.070279570866957,model
1998-10-01,1.4851485148514865,3.0657405257331756,,,3.0657405257331756,model
1998-11-01,1.5479876160990669,3.0717572077038175,2.5,SPF,2.5,survey
1998-12-01,1.6119032858028517,3.0745990938644523,,,3.0745990938644523,model
1999-01-01,1.6707920792079278,3.0703890053970104,,,3.0703890053970104,model
1999-02-01,1.6059295861643008,3.0336984145845554,2.3,SPF,2.3,survey
1999-03-01,1.7262638717632672,3.037591779499273,,,3.037591779499273,model
1999-04-01,2.2769230769230653,3.130929027893715,,,3.130929027893715,model
1999-05-01,2.088452088452075,3.07203086565184,2.5,SPF,2.5,survey
1999-06-01,1.9631901840490684,3.0248618770067592,,,3.0248618770067592,model
1999-07-01,2.1446078431372584,3.0423429261270396,,,3.0423429261270396,model
1999-08-01,2.2643818849449104,3.0465616398751787,2.5,SPF,2.5,survey
1999-09-01,2.6283618581907087,3.0965987107592725,,,3.0965987107592725,model
1999-10-01,2.5609756097561,3.060370376151027,,,3.060370376151027,model
1999-11-01,2.621951219512209,3.0495160319969017,2.5,SPF,2.5,survey
1999-12-01,2.684563758389258,3.0346380751049313,,,3.0346380751049313,model
2000-01-01,2.738892270237381,3.012523866578461,,,3.012523866578461,model
2000-02-01,3.221884498480243,3.0861152385398385,2.5,SPF,2.5,survey
2000-03-01,3.75757575757576,3.169405447947006,,,3.169405447947006,model
2000-04-01,3.0685920577617543,3.0012924913849344,,,3.0012924913849344,model
2000-05-01,3.1889290012033777,3.0075749493554347,2.5,SPF,2.5,survey
2000-06-01,3.73044524669075,3.112670619308174,,,3.112670619308174,model
2000-07-01,3.659268146370742,3.087803551825781,,,3.087803551825781,model
2000-08-01,3.411131059245976,3.028045682413155,2.5,SPF,2.5,survey
2000-09-01,3.454437164979152,3.0359492861280173,,,3.0359492861280173,model
2000-10-01,3.4482758620689724,3.0342777174358617,,,3.0342777174358617,model
2000-11-01,3.446226975638722,3.025668969356859,2.5,SPF,2.5,survey
2000-12-01,3.3868092691621943,3.0101342642790634,,,3.0101342642790634,model
2001-01-01,3.732227488151652,3.0846100385060944,,,3.0846100385060944,model
2001-02-01,3.5335689045936425,3.0443111870676938,2.5,SPF,2.5,survey
2001-03-01,2.9205607476635587,2.916772023678247,,,2.916772023678247,model
2001-04-01,3.269118505545832,2.99552514859465,,,2.99552514859465,model
2001-05-01,3.6151603498542295,3.0809111905679396,2.5,SPF,2.5,survey
2001-06-01,3.248259860788849,3.0166202736823418,,,3.0166202736823418,model
2001-07-01,2.719907407407396,2.9285570812348913,,,2.9285570812348913,model
2001-08-01,2.719907407407396,2.964391867017656,2.5,SPF,2.5,survey
2001-09-01,2.648244099021313,2.989266131062559,,,2.989266131062559,model
2001-10-01,2.126436781609198,2.922513497666286,,,2.922513497666286,model
2001-11-01,1.895462377943713,2.9181901610756755,2.55,SPF,2.55,survey
2001-12-01,1.551724137931032,2.8862617378760325,,,2.8862617378760325,model
2002-01-01,1.142204454597362,2.8236896624561503,,,2.8236896624561503,model
2002-02-01,1.1376564277588264,2.8317898098337198,2.5,SPF,2.5,survey
2002-03-01,1.4755959137344066,2.9059991844277344,,,2.9059991844277344,model
2002-04-01,1.6393442622950838,2.936380111735054,,,2.936380111735054,model
2002-05-01,1.1817670230725996,2.831997862239909,2.5,SPF,2.5,survey
2002-06-01,1.0674157303370846,2.796275275570672,,,2.796275275570672,model
2002-07-01,1.4647887323943731,2.866355066411677,,,2.866355066411677,model
2002-08-01,1.802816901408444,2.9082078554540116,2.5,SPF,2.5,survey
2002-09-01,1.5143017386427315,2.814277849194603,,,2.814277849194603,model
2002-10-01,2.025886325267323,2.8820392733781404,,,2.8820392733781404,model
2002-11-01,2.19842164599775,2.8816231442886484,2.45,SPF,2.45,survey
2002-12-01,2.376910016977929,2.875432185176583,,,2.875432185176583,model
2003-01-01,2.5974025974025983,2.8894897859477875,,,2.8894897859477875,model
2003-02-01,2.9808773903261976,2.9586544653086775,2.5,SPF,2.5,survey
2003-03-01,3.0201342281878985,2.9713602878118963,,,2.9713602878118963,model
2003-04-01,2.224694104560632,2.8237133415952873,,,2.8237133415952873,model
2003-05-01,2.057842046718572,2.8102098609279107,2.5,SPF,2.5,survey
2003-06-01,2.1122846025569686,2.8393841086492557,,,2.8393841086492557,model
2003-07-01,2.1099389228206533,2.841952600910849,,,2.841952600910849,model
2003-08-01,2.158273381294973,2.852501542644502,2.5,SPF,2.5,survey
2003-09-01,2.3204419889502725,2.8901135422231987,,,2.8901135422231987,model
2003-10-01,2.0408163265306145,2.83884597935583,,,2.83884597935583,model
2003-11-01,1.7650303364588948,2.7904769854408746,2.5,SPF,2.5,survey
2003-12-01,1.8794914317302516,2.825395721204306,,,2.825395721204306,model
2004-01-01,1.9262520638414935,2.8370643387831187,,,2.8370643387831187,model
2004-02-01,1.6930638995084513,2.7707230898500432,2.5,SPF,2.5,survey
2004-03-01,1.7372421281216075,2.742494263178282,,,2.742494263178282,model
2004-04-01,2.285092491838947,2.810403869685456,,,2.810403869685456,model
2004-05-01,3.051771117166213,2.9252226411930202,2.5,SPF,2.5,survey
2004-06-01,3.26619488296136,2.9384758924758216,,,2.9384758924758216,model
2004-07-01,2.990755845568249,2.865737973135115,,,2.865737973135115,model
2004-08-01,2.654387865655483,2.786353379480276,2.5,SPF,2.5,survey
2004-09-01,2.5377969762419017,2.7528377884668327,,,2.7528377884668327,model
2004-10-01,3.189189189189201,2.87446854089185,,,2.87446854089185,model
2004-11-01,3.523035230352312,2.9299733927580953,2.5,SPF,2.5,survey
2004-12-01,3.255561584373301,2.8622273556467035,,,2.8622273556467035,model
2005-01-01,2.969762419006483,2.7986399807911035,,,2.7986399807911035,model
2005-02-01,3.0075187969925032,2.8072356314599216,2.45,SPF,2.45,survey
2005-03-01,3.1483457844183604,2.8457428647843512,,,2.8457428647843512,model
2005-04-01,3.5106382978723483,2.925421755344399,,,2.925421755344399,model
2005-05-01,2.8027498677948293,2.7743480344672458,2.5,SPF,2.5,survey
2005-06-01,2.530311017395892,2.696270770894653,,,2.696270770894653,model
2005-07-01,3.167898627243937,2.787341179183939,,,2.787341179183939,model
2005-08-01,3.641160949868083,2.8414257159924685,2.5,SPF,2.5,survey
2005-09-01,4.686677198525535,3.0211305911478488,,,3.0211305911478488,model
2005-10-01,4.347826086956519,2.9356168013545627,,,2.9356168013545627,model
2005-11-01,3.4554973821989465,2.7495456805618743,2.5,SPF,2.5,survey
2005-12-01,3.415659485023648,2.7615746708377586,,,2.7615746708377586,model
2006-01-01,3.985317252228637,2.897271460874238,,,2.897271460874238,model
2006-02-01,3.59749739311781,2.8167137950698278,2.5,SPF,2.5,survey
2006-03-01,3.3626487325400856,2.748844703506965,,,2.748844703506965,model
2006-04-01,3.5457348406988665,2.7674210764494345,,,2.7674210764494345,model
2006-05-01,4.166666666666674,2.8766483231521844,2.5,SPF,2.5,survey
2006-06-01,4.318766066838053,2.9065926657473384,,,2.9065926657473384,model
2006-07-01,4.145342886386905,2.912966742153534,,,2.912966742153534,model
2006-08-01,3.818737270875761,2.918093064709188,2.5,SPF,2.5,survey
2006-09-01,2.062374245472842,2.6312047737255275,,,2.6312047737255275,model
2006-10-01,1.3052208835341528,2.531274239830926,,,2.531274239830926,model
2006-11-01,1.9736842105263277,2.7048757823146925,2.5,SPF,2.5,survey
2006-12-01,2.540650406504064,2.8140172969729687,,,2.8140172969729687,model
2007-01-01,2.0756429652042385,2.686062791377874,,,2.686062791377874,model
2007-02-01,2.415198792148976,2.72781306922027,2.35,SPF,2.35,survey
2007-03-01,2.778778778778768,2.7855859259612825,,,2.7855859259612825,model
2007-04-01,2.573697270471476,2.730062527472667,,,2.730062527472667,model
2007-05-01,2.6908641975308623,2.752433341776449,2.4,SPF,2.4,survey
2007-06-01,2.687037949728932,2.759909472181803,,,2.759909472181803,model
2007-07-01,2.358230958230956,2.6831591992530406,,,2.6831591992530406,model
2007-08-01,1.9700833742030357,2.5727700349255334,2.4,SPF,2.4,survey
2007-09-01,2.755051749630355,2.6801595034011374,,,2.6801595034011374,model
2007-10-01,3.536174430128836,2.7784261862065485,,,2.7784261862065485,model
2007-11-01,4.306203473945414,2.8682023393673965,2.4,SPF,2.4,survey
2007-12-01,4.081268582755193,2.777265963284655,,,2.777265963284655,model
2008-01-01,4.280294047901356,2.7960376045316755,,,2.7960376045316755,model
2008-02-01,4.026555413048727,2.7414547398379594,2.5,SPF,2.5,survey
2008-03-01,3.981456231251701,2.721034015412297,,,2.721034015412297,model
2008-04-01,3.936889774827512,2.681974306666881,,,2.681974306666881,model
2008-05-01,4.17554304180352,2.6830681983110787,2.5,SPF,2.5,survey
2008-06-01,5.0217900476117405,2.8092191032300673,,,2.8092191032300673,model
2008-07-01,5.6001229002539565,2.902483210522954,,,2.902483210522954,model
2008-08-01,5.371855115262347,2.8863067651821317,2.5,SPF,2.5,survey
2008-09-01,4.936927430572191,2.907865524256851,,,2.907865524256851,model
2008-10-01,3.655186277137501,2.8051547945488298,,,2.8051547945488298,model
2008-11-01,1.0695746918073956,2.4450040587720117,2.5,SPF,2.5,survey
2008-12-01,0.0914129006456043,2.3937760750199764,,,2.3937760750199764,model
2009-01-01,0.0298465036952855,2.500946588796106,,,2.500946588796106,model
2009-02-01,0.2361910880378737,2.61440584623867,2.4,SPF,2.4,survey
2009-03-01,-0.3835562549173832,2.5382686648343356,,,2.5382686648343356,model
2009-04-01,-0.7368857152167174,2.514707282837634,,,2.514707282837634,model
2009-05-01,-1.2814357989586078,2.4608691182481977,2.5,SPF,2.5,survey
2009-06-01,-1.4267760436898702,2.4655573625902405,,,2.4655573625902405,model
2009-07-01,-2.097161353676058,2.335575355391133,,,2.335575355391133,model
2009-08-01,-1.4843486119606064,2.413295928254255,2.5,SPF,2.5,survey
2009-09-01,-1.2862059666427397,2.3502693435840003,,,2.3502693435840003,model
2009-10-01,-0.1828482774861251,2.4338461513537393,,,2.4338461513537393,model
2009-11-01,1.8382958691302909,2.709499001127338,2.2627,SPF,2.2627,survey
2009-12-01,2.721331126205828,2.7772965461522943,,,2.7772965461522943,model
2010-01-01,2.6257086429576137,2.6807782750810376,,,2.6807782750810376,model
2010-02-01,2.143331778145363,2.558912328657226,2.39,SPF,2.39,survey
2010-03-01,2.3139594469439477,2.609798549498076,,,2.609798549498076,model
2010-04-01,2.236447195648084,2.6331495601487664,,,2.6331495601487664,model
2010-05-01,2.0209860840939786,2.623283265452026,2.4,SPF,2.4,survey
2010-06-01,1.053348972845658,2.462340803107811,,,2.462340803107811,model
2010-07-01,1.2351927783014638,2.530291145621314,,,2.530291145621314,model
2010-08-01,1.1481045618392027,2.534877726436776,2.3,SPF,2.3,survey
2010-09-01,1.143682658159273,2.5358119052745898,,,2.5358119052745898,model
2010-10-01,1.1721876055269531,2.531574209989061,,,2.531574209989061,model
2010-11-01,1.1431609115702734,2.50609721226148,2.2,SPF,2.2,survey
2010-12-01,1.4957235273143077,2.543090181409006,,,2.543090181409006,model
2011-01-01,1.631846857448771,2.520578223636491,,,2.520578223636491,model
2011-02-01,2.1075846286581656,2.553371391106986,2.3,SPF,2.3,survey
2011-03-01,2.6816032642408505,2.603127573387307,,,2.603127573387307,model
2011-04-01,3.1636308592764677,2.639095871009619,,,2.639095871009619,model
2011-05-01,3.568645784634561,2.6699675753749896,2.4,SPF,2.4,survey
2011-06-01,3.558828252242341,2.630584951158721,,,2.630584951158721,model
2011-07-01,3.628715982221076,2.622468386271657,,,2.622468386271657,model
2011-08-01,3.771208179119778,2.64742437507534,2.4,SPF,2.4,survey
2011-09-01,3.868356841040299,2.6737591797905353,,,2.6737591797905353,model
2011-10-01,3.5251999213574026,2.6227400986217693,,,2.6227400986217693,model
2011-11-01,3.3943775908008567,2.6209781751480983,2.5,SPF,2.5,survey
2011-12-01,2.9624188448710957,2.563039869363412,,,2.563039869363412,model
2012-01-01,2.9252167121508466,2.585693117288825,,,2.585693117288825,model
2012-02-01,2.871098780438208,2.6098494257202285,2.3,SPF,2.3,survey
2012-03-01,2.651398193021781,2.604552358991001,,,2.604552358991001,model
2012-04-01,2.302739811298937,2.5742438963474195,,,2.5742438963474195,model
2012-05-01,1.704253774937592,2.493417162380714,2.48,SPF,2.48,survey
2012-06-01,1.6639937622385137,2.5123215781212997,,,2.5123215781212997,model
2012-07-01,1.4084507042253502,2.4700103843137957,,,2.4700103843137957,model
2012-08-01,1.692378997550148,2.5205384202965178,2.35,SPF,2.35,survey
2012-09-01,1.9912820806649911,2.574253068147725,,,2.574253068147725,model
2012-10-01,2.1623435988711304,2.6008294094297244,,,2.6008294094297244,model
2012-11-01,1.764133846085847,2.5189097808664274,2.3,SPF,2.3,survey
2012-12-01,1.741022368747558,2.518084615391537,,,2.518084615391537,model
2013-01-01,1.5948646681225531,2.506097740881741,,,2.506097740881741,model
2013-02-01,1.9779235097490575,2.601779528172573,2.3,SPF,2.3,survey
2013-03-01,1.4738962125967705,2.509458216471065,,,2.509458216471065,model
2013-04-01,1.063085381489448,2.424977840925043,,,2.424977840925043,model
2013-05-01,1.3619650588516885,2.4843328312698354,2.3,SPF,2.3,survey
2013-06-01,1.7544165453768912,2.563636147828447,,,2.563636147828447,model
2013-07-01,1.9606816118443948,2.606008406488505,,,2.606008406488505,model
2013-08-01,1.518367559543199,2.5254478823859245,2.205,SPF,2.205,survey
2013-09-01,1.184925261552161,2.4706007057643973,,,2.4706007057643973,model
2013-10-01,0.9636127046434018,2.4371961321923594,,,2.4371961321923594,model
2013-11-01,1.2370722045339066,2.4955469398056103,2.3,SPF,2.3,survey
2013-12-01,1.501735619618394,2.546874300500912,,,2.546874300500912,model
2014-01-01,1.5789473684210575,2.5468820364874185,,,2.5468820364874185,model
2014-02-01,1.1263492501055294,2.43393033582532,2.3,SPF,2.3,survey
2014-03-01,1.51220287576308,2.491236894759385,,,2.491236894759385,model
2014-04-01,1.9528578985167575,2.5622179814649804,,,2.5622179814649804,model
2014-05-01,2.1271115499366777,2.5781499879973673,2.25,SPF,2.25,survey
2014-06-01,2.0723413731670526,2.5600746802198158,,,2.5600746802198158,model
2014-07-01,1.9923286357643064,2.5502818081451943,,,2.5502818081451943,model
2014-08-01,1.6996113341628316,2.507570627907321,2.2,SPF,2.2,survey
2014-09-01,1.657918675715031,2.5269736914954755,,,2.5269736914954755,model
2014-10-01,1.664340215632043,2.5707399328879483,,,2.5707399328879483,model
2014-11-01,1.3223551823708934,2.5561805077523156,2.2,SPF,2.2,survey
2014-12-01,0.7564932696557447,2.497327848668699,,,2.497327848668699,model
2015-01-01,-0.0893483130696481,2.3815115818862487,,,2.3815115818862487,model
2015-02-01,-0.0251298018153045,2.440675409123498,2.1,SPF,2.1,survey
2015-03-01,-0.0736373908664322,2.4573422195981873,,,2.4573422195981873,model
2015-04-01,-0.1995174461766891,2.4352949290540566,,,2.4352949290540566,model
2015-05-01,-0.0399327448507791,2.463586857485817,2.135,SPF,2.135,survey
2015-06-01,0.1237712036854521,2.491483302999794,,,2.491483302999794,model
2015-07-01,0.1695697796432194,2.496494336998751,,,2.496494336998751,model
2015-08-01,0.1950792930057288,2.4951992657473734,2.15,SPF,2.15,survey
2015-09-01,-0.0361297478059685,2.4373330860391444,,,2.4373330860391444,model
2015-10-01,0.1705744357355598,2.460137744290863,,,2.460137744290863,model
2015-11-01,0.5017975786678841,2.497970832657509,2.15,SPF,2.15,survey
2015-12-01,0.7295197860415881,2.5163779957341648,,,2.5163779957341648,model
2016-01-01,1.3730868138309926,2.6249730840429546,,,2.6249730840429546,model
2016-02-01,1.0177997801654737,2.5382417796266177,2.12,SPF,2.12,survey
2016-03-01,0.8525362211427412,2.5005666483683853,,,2.5005666483683853,model
2016-04-01,1.125110418894426,2.5646285008219487,,,2.5646285008219487,model
2016-05-01,1.019322554193569,2.551526028006398,2.2,SPF,2.2,survey
2016-06-01,0.9973264945230876,2.5456145657738367,,,2.5456145657738367,model
2016-07-01,0.8271388704987004,2.5032756537051313,,,2.5032756537051313,model
2016-08-01,1.0628745027610351,2.536115665728477,2.15,SPF,2.15,survey
2016-09-01,1.4637836474815646,2.5955102878031893,,,2.5955102878031893,model
2016-10-01,1.6359875209176034,2.5964119817813023,,,2.5964119817813023,model
2016-11-01,1.6925371625037933,2.5684141150362687,2.2161,SPF,2.2161,survey
2016-12-01,2.074622132966919,2.611623569532987,,,2.611623569532987,model
2017-01-01,2.5000422090529995,2.6771191953841047,,,2.6771191953841047,model
2017-02-01,2.737958171489318,2.717238410237616,2.3,SPF,2.3,survey
2017-03-01,2.3806124334402767,2.655861386154087,,,2.655861386154087,model
2017-04-01,2.199689878417299,2.6463539389110124,,,2.6463539389110124,model
2017-05-01,1.8748777208413612,2.6116565725562575,2.3,SPF,2.3,survey
2017-06-01,1.633487955256463,2.5825698168074505,,,2.5825698168074505,model
2017-07-01,1.727978456372492,2.608669435214855,,,2.608669435214855,model
2017-08-01,1.9389742120581757,2.650463473527323,2.25,SPF,2.25,survey
2017-09-01,2.2329638650032235,2.701214338998326,,,2.701214338998326,model
2017-10-01,2.041128701976169,2.656241256698271,,,2.656241256698271,model
2017-11-01,2.202582938683184,2.6877522304873116,2.2,SPF,2.2,survey
2017-12-01,2.1090824745684245,2.670704694490174,,,2.670704694490174,model
2018-01-01,2.070507620275164,2.6598591323837186,,,2.6598591323837186,model
2018-02-01,2.2117954212386604,2.6816113916934183,2.25,SPF,2.25,survey
2018-03-01,2.3597114039729084,2.696438849679676,,,2.696438849679676,model
2018-04-01,2.462743943334811,2.6987127518767773,,,2.6987127518767773,model
2018-05-01,2.8010117148075557,2.7515611533554782,2.3,SPF,2.3,survey
2018-06-01,2.87154783531669,2.761516141963387,,,2.761516141963387,model
2018-07-01,2.9495150866471143,2.785211256571671,,,2.785211256571671,model
2018-08-01,2.699180104187437,2.750789918669792,2.2,SPF,2.2,survey
2018-09-01,2.2769721941990007,2.6935046934168776,,,2.6935046934168776,model
2018-10-01,2.5224699286070296,2.7803005086419046,,,2.7803005086419046,model
2018-11-01,2.176601032152403,2.7501005456535577,2.21,SPF,2.21,survey
2018-12-01,1.9101588486313716,2.727428563230253,,,2.727428563230253,model
2019-01-01,1.5512351381991252,2.6790915938907722,,,2.6790915938907722,model
2019-02-01,1.520135265933309,2.6877392493525556,2.2,SPF,2.2,survey
2019-03-01,1.8625227405691724,2.7666590520887544,,,2.7666590520887544,model
2019-04-01,1.9964397755302563,2.7974661334599507,,,2.7974661334599507,model
2019-05-01,1.7902284687663972,2.756604582146289,2.2,SPF,2.2,survey
2019-06-01,1.6484846560762545,2.735490358265632,,,2.735490358265632,model
2019-07-01,1.8114648063935144,2.7796403262735487,,,2.7796403262735487,model
2019-08-01,1.7497798894291483,2.772720635269512,2.2,SPF,2.2,survey
2019-09-01,1.7113045131695204,2.7600254706235674,,,2.7600254706235674,model
2019-10-01,1.7640429444213843,2.7601191611239693,,,2.7601191611239693,model
2019-11-01,2.05127798189162,2.8042974719529195,2.2,SPF,2.2,survey
2019-12-01,2.2851297401217163,2.846234528097229,,,2.846234528097229,model
2020-01-01,2.4865719552504606,2.9075935737533345,,,2.9075935737533345,model
2020-02-01,2.334873563945949,2.9312809939178623,2.2,SPF,2.2,survey
2020-03-01,1.5393269919198094,2.838641709956322,,,2.838641709956322,model
2020-04-01,0.3290966863368272,2.656536051687178,,,2.656536051687178,model
2020-05-01,0.117926370210708,2.6591273575537686,2.135,SPF,2.135,survey
2020-06-01,0.6457330475554857,2.781503806854707,,,2.781503806854707,model
2020-07-01,0.9860818253037084,2.836483460539375,,,2.836483460539375,model
2020-08-01,1.3096453823307153,2.880440290809751,2.03,SPF,2.03,survey
2020-09-01,1.3713248610564666,2.87996600325332,,,2.87996600325332,model
2020-10-01,1.1820661677274913,2.8367242586916257,,,2.8367242586916257,model
2020-11-01,1.1745357842679605,2.834818234845747,2.12,SPF,2.12,survey
2020-12-01,1.3620054947193203,2.8613781002846563,,,2.8613781002846563,model
2021-01-01,1.3997697415600865,2.825181575132473,,,2.825181575132473,model
2021-02-01,1.6762152173745104,2.797731556854946,2.2,SPF,2.2,survey
2021-03-01,2.619762508959189,2.882250745352233,,,2.882250745352233,model
2021-04-01,4.15969483870211,3.0789201577761975,,,3.0789201577761975,model
2021-05-01,4.992706537594471,3.1430443710926625,2.3,SPF,2.3,survey
2021-06-01,5.391451413321335,3.1464788374607706,,,3.1464788374607706,model
2021-07-01,5.365475239385398,3.0948367449589456,,,3.0948367449589456,model
2021-08-01,5.251271554874992,3.0342310422557426,2.4367,SPF,2.4367,survey
2021-09-01,5.390348855079163,3.0224503978685786,,,3.0224503978685786,model
2021-10-01,6.221868903328898,3.1415320110985987,,,3.1415320110985987,model
2021-11-01,6.809002839806477,3.1973863139876966,2.55,SPF,2.55,survey
2021-12-01,7.036402865545144,3.1728310438783107,,,3.1728310438783107,model
2022-01-01,7.479872468289117,3.1972829597284425,,,3.1972829597284425,model
2022-02-01,7.871063897739283,3.2275406710407375,2.4981,SPF,2.4981,survey
2022-03-01,8.542455554842432,3.3179138363266265,,,3.3179138363266265,model
2022-04-01,8.258629340882372,3.222347618555882,,,3.222347618555882,model
2022-05-01,8.581511543676523,3.270771220330711,2.8,SPF,2.8,survey
2022-06-01,9.059757964784154,3.3721556143657736,,,3.3721556143657736,model
2022-07-01,8.52481474562552,3.2777802231937465,,,3.2777802231937465,model
2022-08-01,8.262692503116241,3.2584159088207634,2.8,SPF,2.8,survey
2022-09-01,8.20166964383362,3.3049899750310194,,,3.3049899750310194,model
2022-10-01,7.7454273308049215,3.2802825706648004,,,3.2802825706648004,model
2022-11-01,7.110322794191726,3.2190326217470386,2.95,SPF,2.95,survey
2022-12-01,6.45440133141082,3.1616611882905237,,,3.1616611882905237,model
2023-01-01,6.410146968856267,3.236944407213877,,,3.236944407213877,model
2023-02-01,6.035613077866597,3.2415479769973476,2.37,SPF,2.37,survey
2023-03-01,4.984974122099173,3.1167101195406133,,,3.1167101195406133,model
2023-04-01,4.930320398188925,3.2050002423676913,,,3.2050002423676913,model
2023-05-01,4.047609272791974,3.112104212926691,2.3555,SPF,2.3555,survey
2023-06-01,2.969177654558885,2.9486272324931835,,,2.9486272324931835,model
2023-07-01,3.177780177942169,3.0306746527301174,,,3.0306746527301174,model
2023-08-01,3.665112384399549,3.154301079825425,2.4,SPF,2.4,survey
2023-09-01,3.69969812134443,3.1653894511651206,,,3.1653894511651206,model
2023-10-01,3.241144651893202,3.073410427994351,,,3.073410427994351,model
2023-11-01,3.1372707088417773,3.0643728636158287,2.4,SPF,2.4,survey
2023-12-01,3.3521228314302265,3.1194577182269523,,,3.1194577182269523,model
2024-01-01,3.0908847812280538,3.0660899258487673,,,3.0660899258487673,model
2024-02-01,3.1531711208615976,3.0752238997752004,2.24,SPF,2.24,survey
2024-03-01,3.4773850700380304,3.142452321701314,,,3.142452321701314,model
2024-04-01,3.357363950119163,3.1243331880935474,,,3.1243331880935474,model
2024-05-01,3.2690290569400204,3.119228065795196,2.325,SPF,2.325,survey
2024-06-01,2.971397107263307,3.0849308292317548,,,3.0849308292317548,model
2024-07-01,2.894753198491306,3.09675668344179,,,3.09675668344179,model
2024-08-01,2.5307302964569622,3.0438872991811703,2.3,SPF,2.3,survey
2024-09-01,2.440633031069983,3.0347980382830313,,,3.0347980382830313,model
2024-10-01,2.597904904914672,3.066235014806692,,,3.066235014806692,model
2024-11-01,2.7493803960905616,3.0877473138042877,2.225,SPF,2.225,survey
2024-12-01,2.888057219980067,3.109066733657802,,,3.109066733657802,model
2025-01-01,3.0004831121501097,3.1367879822524145,,,3.1367879822524145,model
2025-02-01,2.82154895174751,3.1132867129396207,2.3,SPF,2.3,survey
2025-03-01,2.3907252538964974,3.041022987745337,,,3.041022987745337,model
2025-04-01,2.3112888616734883,3.035194651162998,,,3.035194651162998,model
2025-05-01,2.354896535474671,3.0460054920790487,2.3492,SPF,2.3492,survey
2025-06-01,2.669213018222316,3.0974444500384237,,,3.0974444500384237,model
2025-07-01,2.7049023971513986,3.087225372363635,,,3.087225372363635,model
2025-08-01,2.9161742842984006,3.117060914925099,2.305,SPF,2.305,survey
2025-09-01,3.0126767755256134,3.1331788164935217,,,3.1331788164935217,model
2025-10-01,2.846054034779888,3.0986363760009175,,,3.0986363760009175,model
2025-11-01,2.6794312940341625,3.0632116021361617,2.38,SPF,2.38,survey
2025-12-01,2.713530886580684,3.06704638883685,,,3.06704638883685,model
2026-01-01,3.056668937437612,3.114717497462097,,,3.114717497462097,model
2026-02-01,2.8690059841786075,3.0358840891489156,2.3,SPF,2.3,survey
2026-03-01,3.488444976526428,3.1147648741407203,,,3.1147648741407203,model
2026-04-01,4.134159268790705,3.2136995680176836,,,3.2136995680176836,model
2026-05-01,4.466403778113737,3.2564563830254913,2.4,SPF,2.4,survey
2026-06-01,3.884404211967096,3.132211743456732,,,3.132211743456732,model
