date,infl_yoy,trend_exp_infl
1914-01-01,2.0408163265306145,2.040816326276003
1914-02-01,1.0204081632652962,1.0204081635305808
1914-03-01,1.0204081632652962,1.020408163491305
1914-04-01,0.0,6.619487180614669e-10
1914-05-01,2.061855670103108,2.0618556699002015
1914-06-01,1.0204081632652962,1.0204081634984141
1914-07-01,1.0101010101010166,1.010101010342274
1914-08-01,3.030303030303028,3.03030302972177
1914-09-01,2.0000000000000018,1.9999999998517815
1914-10-01,1.0000000000000009,1.0000000002461122
1914-11-01,0.990099009900991,0.9900990101546601
1914-12-01,1.0000000000000009,1.0000000002663556
1915-01-01,1.0000000000000009,1.0000000002883218
1915-02-01,1.0101010101010166,1.0101010103903088
1915-03-01,0.0,7.502221066602033e-10
1915-04-01,2.0408163265306145,2.0408163264770147
1915-05-01,2.020202020202011,2.020202020232086
1915-06-01,2.020202020202011,2.020202020282734
1915-07-01,1.0000000000000009,1.0000000005545302
1915-08-01,-0.9803921568627416,-0.9803921554245556
1915-09-01,-0.9803921568627416,-0.9803921553053931
1915-10-01,0.990099009900991,0.9900990107965527
1915-11-01,0.9803921568627638,0.9803921579461882
1915-12-01,1.980198019801982,1.9801980206573726
1916-01-01,2.970297029702973,2.970297030368858
1916-02-01,4.000000000000004,4.000000000491976
1916-03-01,6.060606060606055,6.060606060498783
1916-04-01,6.000000000000005,6.000000000175271
1916-05-01,5.940594059405946,5.940594059863983
1916-06-01,6.930693069306937,6.930693069624802
1916-07-01,6.930693069306937,6.930693069910144
1916-08-01,7.920792079207928,7.920792079699219
1916-09-01,9.90099009900991,9.900990098994425
1916-10-01,10.784313725490202,10.784313725423388
1916-11-01,11.6504854368932,11.6504854367746
1916-12-01,12.621359223300963,12.621359223068158
1917-01-01,12.5,12.500000000138206
1917-02-01,15.384615384615374,15.384615383814808
1917-03-01,14.28571428571428,14.285714285682921
1917-04-01,18.867924528301884,18.867924526616967
1917-05-01,19.62616822429908,19.62616822257492
1917-06-01,20.37037037037037,20.370370368487702
1917-07-01,18.518518518518512,18.51851851754496
1917-08-01,19.266055045871557,19.266055044694127
1917-09-01,19.81981981981984,19.819819818520845
1917-10-01,19.469026548672552,19.469026547550182
1917-11-01,17.391304347826097,17.391304347573687
1917-12-01,18.10344827586208,18.103448275334408
1918-01-01,19.658119658119656,19.65811965695298
1918-02-01,17.500000000000004,17.49999999972312
1918-03-01,16.666666666666675,16.66666666665413
1918-04-01,12.698412698412698,12.698412700021894
1918-05-01,13.28125,13.281250001318
1918-06-01,13.076923076923077,13.076923078400245
1918-07-01,17.96875,17.96874999950208
1918-08-01,18.461538461538463,18.461538460899476
1918-09-01,18.045112781954884,18.04511278147963
1918-10-01,18.518518518518512,18.5185185178726
1918-11-01,20.740740740740748,20.740740739196752
1918-12-01,20.43795620437956,20.437956202942942
1919-01-01,17.85714285714286,17.857142856668226
1919-02-01,14.893617021276585,14.893617021951227
1919-03-01,17.142857142857125,17.142857142540848
1919-04-01,17.6056338028169,17.605633802267263
1919-05-01,16.551724137931025,16.551724137709577
1919-06-01,14.965986394557817,14.965986394895511
1919-07-01,15.231788079470189,15.231788079618477
1919-08-01,14.935064935064934,14.935064935260579
1919-09-01,13.375796178343968,13.375796179104652
1919-10-01,13.125000000000009,13.125000000792314
1919-11-01,13.496932515337411,13.496932515926575
1919-12-01,14.545454545454527,14.545454545566356
1920-01-01,16.96969696969697,16.96969696878183
1920-02-01,20.37037037037037,20.370370367968466
1920-03-01,20.12195121951219,20.121951217087894
1920-04-01,21.55688622754493,21.556886224297127
1920-05-01,21.89349112426038,21.893491120637332
1920-06-01,23.66863905325445,23.66863904852485
1920-07-01,19.54022988505748,19.5402298815513
1920-08-01,14.689265536723164,14.689265534625687
1920-09-01,12.35955056179774,12.359550560038867
1920-10-01,9.944751381215443,9.94475137980875
1920-11-01,7.027027027027022,7.027027026119452
1920-12-01,2.645502645502651,2.6455026456755997
1921-01-01,-1.5544041450777255,-1.5544041439129765
1921-02-01,-5.641025641025643,-5.641025638847504
1921-03-01,-7.106598984771562,-7.106598982627855
1921-04-01,-10.83743842364532,-10.83743842053236
1921-05-01,-14.077669902912628,-14.077669898990285
1921-06-01,-15.78947368421051,-15.789473679992266
1921-07-01,-14.903846153846157,-14.903846150281192
1921-08-01,-12.80788177339902,-12.807881770903162
1921-09-01,-12.5,-12.499999997767478
1921-10-01,-12.060301507537686,-12.060301505587034
1921-11-01,-12.121212121212132,-12.12121211925273
1921-12-01,-10.824742268041232,-10.824742266610551
1922-01-01,-11.05263157894738,-11.05263157732448
1922-02-01,-8.15217391304348,-8.152173912529662
1922-03-01,-8.743169398907114,-8.743169398007241
1922-04-01,-7.734806629834267,-7.73480662920916
1922-05-01,-5.649717514124298,-5.649717514178845
1922-06-01,-5.113636363636376,-5.113636363723159
1922-07-01,-5.0847457627118615,-5.0847457626535855
1922-08-01,-6.214689265536711,-6.214689264827579
1922-09-01,-5.142857142857138,-5.142857142403271
1922-10-01,-4.571428571428571,-4.571428570990871
1922-11-01,-3.44827586206895,-3.448275861885785
1922-12-01,-2.3121387283237094,-2.3121387283789465
1923-01-01,-0.5917159763313529,-0.5917159768884224
1923-02-01,-0.5917159763313529,-0.5917159766756963
1923-03-01,0.5988023952095967,0.5988023945622248
1923-04-01,1.197604790419149,1.197604789707809
1923-05-01,1.197604790419149,1.1976047898673379
1923-06-01,1.7964071856287456,1.7964071849710885
1923-07-01,2.3809523809523725,2.3809523801837416
1923-08-01,3.0120481927710774,3.012048191851362
1923-09-01,3.61445783132528,3.614457830242527
1923-10-01,3.592814371257491,3.5928143702390254
1923-11-01,2.9761904761904656,2.9761904754471655
1923-12-01,2.366863905325456,2.366863904848711
1924-01-01,2.9761904761904656,2.976190475458255
1924-02-01,2.3809523809523725,2.3809523804560255
1924-03-01,1.7857142857142794,1.785714285417093
1924-04-01,0.591715976331364,0.5917159764913078
1924-05-01,0.591715976331364,0.5917159764496638
1924-06-01,0.0,3.315837604489502e-10
1924-07-01,-0.5813953488371992,-0.581395348295769
1924-08-01,-0.5847953216374324,-0.5847953211098182
1924-09-01,-0.5813953488371992,-0.5813953483097798
1924-10-01,-0.5780346820809301,-0.578034681546751
1924-11-01,-0.5780346820809301,-0.5780346815181965
1924-12-01,0.0,3.622488975452143e-10
1925-01-01,0.0,4.083079619101826e-10
1925-02-01,0.0,4.713397384109425e-10
1925-03-01,1.1695906432748426,1.1695906433279395
1925-04-01,1.17647058823529,1.1764705883605104
1925-05-01,1.764705882352935,1.7647058823044626
1925-06-01,2.941176470588225,2.941176470126565
1925-07-01,3.50877192982455,3.5087719291991757
1925-08-01,4.117647058823515,4.117647057987123
1925-09-01,3.50877192982455,3.508771929253034
1925-10-01,2.906976744186052,2.9069767438843237
1925-11-01,4.651162790697683,4.65116278966553
1925-12-01,3.4682080924855363,3.4682080919283766
1926-01-01,3.4682080924855363,3.468208091878716
1926-02-01,4.06976744186045,4.0697674409372135
1926-03-01,2.8901734104046284,2.8901734099058887
1926-04-01,4.06976744186045,4.069767440771047
1926-05-01,2.8901734104046284,2.8901734097021547
1926-06-01,1.1428571428571344,1.1428571427214862
1926-07-01,-1.1299435028248594,-1.1299435021670632
1926-08-01,-1.6949152542372947,-1.6949152534734913
1926-09-01,-1.1299435028248594,-1.1299435023865125
1926-10-01,-0.5649717514124131,-0.5649717513117003
1926-11-01,-1.6666666666666718,-1.6666666661959637
1926-12-01,-1.1173184357541888,-1.1173184356073367
1927-01-01,-2.234636871508377,-2.234636870967661
1927-02-01,-2.793296089385477,-2.7932960886812457
1927-03-01,-2.80898876404494,-2.8089887633864783
1927-04-01,-3.351955307262555,-3.3519553064087986
1927-05-01,-2.247191011235972,-2.2471910108412034
1927-06-01,-0.5649717514124131,-0.5649717517100632
1927-07-01,-1.1428571428571344,-1.1428571429169954
1927-08-01,-1.1494252873563204,-1.149425287430533
1927-09-01,-1.1428571428571344,-1.1428571429280097
1927-10-01,-1.1363636363636576,-1.1363636364476022
1927-11-01,-2.259887005649708,-2.259887005279553
1927-12-01,-2.259887005649708,-2.2598870052742948
1928-01-01,-1.1428571428571344,-1.142857142935129
1928-02-01,-1.724137931034464,-1.7241379308528197
1928-03-01,-1.1560693641618491,-1.1560693642114974
1928-04-01,-1.1560693641618491,-1.156069364182006
1928-05-01,-1.1494252873563204,-1.1494252873879491
1928-06-01,-2.840909090909094,-2.8409090902201894
1928-07-01,-1.1560693641618491,-1.1560693641536899
1928-08-01,-0.5813953488371992,-0.5813953490106311
1928-09-01,0.0,-4.061715408454347e-10
1928-10-01,-1.1494252873563204,-1.1494252872636008
1928-11-01,-0.5780346820809301,-0.5780346822204879
1928-12-01,-1.1560693641618491,-1.1560693640431783
1929-01-01,-1.1560693641618491,-1.1560693640218895
1929-02-01,0.0,-3.163120876337189e-10
1929-03-01,-0.5847953216374324,-0.5847953216953298
1929-04-01,-1.1695906432748648,-1.1695906430971648
1929-05-01,-1.1627906976744096,-1.1627906974877664
1929-06-01,0.0,-2.70459654672095e-10
1929-07-01,1.1695906432748426,1.1695906425393627
1929-08-01,1.1695906432748426,1.1695906425183704
1929-09-01,0.0,-3.040858675973368e-10
1929-10-01,0.5813953488372103,0.5813953482474138
1929-11-01,0.5813953488372103,0.5813953482078504
1929-12-01,0.5847953216374213,0.5847953209331739
1930-01-01,0.0,-5.555605975260391e-10
1930-02-01,-0.5847953216374324,-0.5847953220663098
1930-03-01,-0.5882352941176561,-0.588235294650053
1930-04-01,0.591715976331364,0.5917159751809232
1930-05-01,-0.5882352941176561,-0.5882352949242066
1930-06-01,-1.7543859649122862,-1.7543859654369496
1930-07-01,-4.046242774566466,-4.046242774338617
1930-08-01,-4.624277456647407,-4.624277456367805
1930-09-01,-4.046242774566466,-4.046242774700932
1930-10-01,-4.624277456647407,-4.6242774567198435
1930-11-01,-5.202312138728338,-5.202312138760556
1930-12-01,-6.395348837209292,-6.395348836935939
1931-01-01,-7.017543859649134,-7.017543859305506
1931-02-01,-7.647058823529418,-7.647058823086905
1931-03-01,-7.692307692307687,-7.6923076920090825
1931-04-01,-8.823529411764708,-8.823529411145605
1931-05-01,-9.467455621301768,-9.46745562056866
1931-06-01,-10.119047619047628,-10.119047618156976
1931-07-01,-9.036144578313266,-9.036144577958952
1931-08-01,-8.484848484848484,-8.484848484805596
1931-09-01,-9.63855421686748,-9.638554216428652
1931-10-01,-9.696969696969692,-9.696969696596717
1931-11-01,-10.365853658536585,-10.365853657928852
1931-12-01,-9.316770186335413,-9.316770186213324
1932-01-01,-10.062893081761004,-10.0628930813589
1932-02-01,-10.191082802547768,-10.19108280213034
1932-03-01,-10.256410256410254,-10.256410255978471
1932-04-01,-10.322580645161285,-10.322580644709678
1932-05-01,-10.457516339869288,-10.457516339350539
1932-06-01,-9.93377483443708,-9.933774834109707
1932-07-01,-9.93377483443708,-9.933774834076088
1932-08-01,-10.596026490066224,-10.596026489388851
1932-09-01,-10.666666666666668,-10.666666665903959
1932-10-01,-10.738255033557042,-10.73825503267384
1932-11-01,-10.20408163265306,-10.204081631886817
1932-12-01,-10.273972602739722,-10.27397260180802
1933-01-01,-9.790209790209792,-9.790209789327356
1933-02-01,-9.9290780141844,-9.929078013065551
1933-03-01,-9.999999999999998,-9.999999998650065
1933-04-01,-9.35251798561152,-9.352517984289161
1933-05-01,-8.029197080291972,-8.029197079250519
1933-06-01,-6.617647058823528,-6.617647058057726
1933-07-01,-3.676470588235292,-3.676470588368722
1933-08-01,-2.222222222222225,-2.2222222226346875
1933-09-01,-1.49253731343284,-1.4925373138482576
1933-10-01,-0.7518796992481258,-0.7518796996762742
1933-11-01,0.0,-4.5765335965342047e-10
1933-12-01,0.7633587786259444,0.7633587781192798
1934-01-01,2.325581395348819,2.3255813944587214
1934-02-01,4.724409448818912,4.724409447173315
1934-03-01,5.555555555555558,5.555555553759073
1934-04-01,5.555555555555558,5.555555553897504
1934-05-01,5.555555555555558,5.555555554018546
1934-06-01,5.51181102362206,5.51181102215915
1934-07-01,2.290076335877877,2.290076335772097
1934-08-01,1.5151515151515138,1.515151515388487
1934-09-01,3.030303030303028,3.030303029948665
1934-10-01,2.2727272727272707,2.2727272727204513
1934-11-01,2.2727272727272707,2.2727272727064065
1934-12-01,1.5151515151515138,1.5151515154676134
1935-01-01,3.030303030303028,3.030303030001535
1935-02-01,3.007518796992481,3.007518796716144
1935-03-01,3.007518796992481,3.0075187967124024
1935-04-01,3.759398496240607,3.7593984956509052
1935-05-01,3.759398496240607,3.7593984956275235
1935-06-01,2.238805970149249,2.2388059701307004
1935-07-01,2.238805970149249,2.238805970097022
1935-08-01,2.238805970149249,2.2388059700570184
1935-09-01,0.7352941176470562,0.7352941181389345
1935-10-01,1.4814814814814836,1.481481481625012
1935-11-01,2.2222222222222365,2.2222222220576775
1935-12-01,2.9850746268656803,2.9850746263516466
1936-01-01,1.4705882352941346,1.4705882353705457
1936-02-01,0.7299270072992803,0.7299270076364776
1936-03-01,0.0,6.15501205558644e-10
1936-04-01,-0.7246376811594346,-0.7246376802620561
1936-05-01,-0.7246376811594346,-0.7246376802496202
1936-06-01,0.7299270072992803,0.7299270076382458
1936-07-01,1.4598540145985384,1.4598540146841177
1936-08-01,2.189781021897818,2.1897810217174705
1936-09-01,2.189781021897818,2.1897810217611187
1936-10-01,2.189781021897818,2.1897810217913047
1936-11-01,1.4492753623188248,1.4492753625526777
1936-12-01,1.4492753623188248,1.449275362593959
1937-01-01,2.1739130434782483,2.1739130434939313
1937-02-01,2.1739130434782483,2.173913043545493
1937-03-01,3.649635036496357,3.649635035989644
1937-04-01,4.379562043795637,4.379562043032334
1937-05-01,5.109489051094895,5.109489050031692
1937-06-01,4.347826086956519,4.347826086198417
1937-07-01,4.316546762589923,4.316546761793536
1937-08-01,3.571428571428581,3.571428570893966
1937-09-01,4.285714285714293,4.285714284812192
1937-10-01,4.285714285714293,4.285714284726619
1937-11-01,3.571428571428581,3.5714285706236115
1937-12-01,2.857142857142869,2.857142856484767
1938-01-01,0.7092198581560183,0.7092198582363016
1938-02-01,0.0,2.1077883882725246e-10
1938-03-01,-0.7042253521126751,-0.7042253517416146
1938-04-01,-0.6993006993007089,-0.6993006990791124
1938-05-01,-2.083333333333337,-2.0833333326639485
1938-06-01,-2.083333333333337,-2.0833333327928
1938-07-01,-2.758620689655178,-2.7586206889246654
1938-08-01,-2.758620689655178,-2.7586206890109484
1938-09-01,-3.424657534246578,-3.4246575333958074
1938-10-01,-4.109589041095885,-4.109589040009798
1938-11-01,-3.4482758620689613,-3.448275861280366
1938-12-01,-2.777777777777779,-2.777777777251011
1939-01-01,-1.4084507042253502,-1.4084507042508436
1939-02-01,-1.4184397163120477,-1.4184397163032794
1939-03-01,-1.4184397163120477,-1.418439716300837
1939-04-01,-2.8169014084506894,-2.816901407829655
1939-05-01,-2.127659574468077,-2.127659574099142
1939-06-01,-2.127659574468077,-2.1276595740374193
1939-07-01,-2.127659574468077,-2.1276595739935305
1939-08-01,-2.127659574468077,-2.127659573911081
1939-09-01,0.0,-2.4175550450422634e-10
1939-10-01,0.0,-1.4904733248548122e-10
1939-11-01,0.0,-7.917515641861331e-11
1939-12-01,0.0,-1.4430546140098922e-11
1940-01-01,-0.7142857142857117,-0.7142857139182966
1940-02-01,0.7194244604316502,0.7194244602805164
1940-03-01,0.7194244604316502,0.719424460376805
1940-04-01,1.4492753623188248,1.4492753620273604
1940-05-01,1.4492753623188248,1.449275362111557
1940-06-01,2.1739130434782483,2.17391304303204
1940-07-01,1.4492753623188248,1.4492753622508907
1940-08-01,1.4492753623188248,1.449275362287927
1940-09-01,-0.7092198581560294,-0.7092198572211978
1940-10-01,0.0,7.080275254978119e-10
1940-11-01,0.0,8.255216928817233e-10
1940-12-01,0.7142857142857117,0.7142857149408571
1941-01-01,1.4388489208633004,1.4388489213520526
1941-02-01,0.7142857142857117,0.7142857152283798
1941-03-01,1.4285714285714235,1.4285714293863845
1941-04-01,2.142857142857157,2.142857143577911
1941-05-01,2.857142857142869,2.8571428577866405
1941-06-01,4.255319148936176,4.2553191492261995
1941-07-01,5.000000000000004,5.000000000222051
1941-08-01,6.428571428571428,6.4285714284389845
1941-09-01,7.857142857142851,7.857142856664291
1941-10-01,9.285714285714295,9.285714284873862
1941-11-01,10.000000000000009,9.99999999905978
1941-12-01,9.92907801418439,9.929078013454214
1942-01-01,11.347517730496447,11.34751772933382
1942-02-01,12.056737588652489,12.05673758733696
1942-03-01,12.676056338028175,12.676056336543152
1942-04-01,12.587412587412585,12.58741258603704
1942-05-01,13.194444444444445,13.194444442817922
1942-06-01,10.88435374149661,10.884353740823057
1942-07-01,11.564625850340128,11.56462584933356
1942-08-01,10.738255033557053,10.738255032837756
1942-09-01,9.27152317880795,9.271523178603273
1942-10-01,9.15032679738561,9.150326797133781
1942-11-01,9.090909090909085,9.090909090595815
1942-12-01,9.03225806451613,9.032258064112463
1943-01-01,7.643312101910826,7.6433121019536445
1943-02-01,6.962025316455689,6.962025316649904
1943-03-01,7.499999999999996,7.499999999861193
1943-04-01,8.074534161490664,8.074534160991353
1943-05-01,7.361963190184051,7.361963189851085
1943-06-01,7.361963190184051,7.361963189698768
1943-07-01,6.0975609756097615,6.09756097548787
1943-08-01,4.8484848484848575,4.8484848487276055
1943-09-01,5.454545454545445,5.454545454381106
1943-10-01,4.191616766467066,4.191616766681669
1943-11-01,3.5714285714285587,3.5714285717353498
1943-12-01,2.9585798816567976,2.958579882078917
1944-01-01,2.9585798816567976,2.958579881958755
1944-02-01,2.9585798816567976,2.958579881834235
1944-03-01,1.162790697674421,1.1627906984823728
1944-04-01,0.5747126436781658,0.5747126446186259
1944-05-01,0.0,1.1104415165164028e-09
1944-06-01,0.5714285714285783,0.571428572260063
1944-07-01,1.7241379310344973,1.72413793137574
1944-08-01,2.3121387283236983,2.312138728406216
1944-09-01,1.7241379310344973,1.7241379313475902
1944-10-01,1.7241379310344973,1.7241379313373633
1944-11-01,1.7241379310344973,1.7241379313529377
1944-12-01,2.298850574712663,2.2988505748103654
1945-01-01,2.298850574712663,2.2988505748349946
1945-02-01,2.298850574712663,2.2988505748603942
1945-03-01,2.298850574712663,2.298850574883614
1945-04-01,1.7142857142857126,1.7142857147348838
1945-05-01,2.2857142857142687,2.285714285976415
1945-06-01,2.840909090909083,2.840909090998679
1945-07-01,2.259887005649719,2.2598870060391367
1945-08-01,2.259887005649719,2.2598870061025123
1945-09-01,2.259887005649719,2.2598870061890923
1945-10-01,2.259887005649719,2.259887006288222
1945-11-01,2.259887005649719,2.2598870064055507
1945-12-01,2.2471910112359383,2.247191012138653
1946-01-01,2.2471910112359383,2.2471910122924794
1946-02-01,1.6853932584269593,1.6853932599126842
1946-03-01,2.80898876404494,2.8089887652962977
1946-04-01,3.3707865168539186,3.3707865181431758
1946-05-01,3.3519553072625774,3.351955308813768
1946-06-01,3.3149171270718147,3.3149171289844532
1946-07-01,9.392265193370154,9.392265193136753
1946-08-01,11.602209944751362,11.602209943991964
1946-09-01,12.707182320441968,12.707182319542538
1946-10-01,14.9171270718232,14.91712707033408
1946-11-01,17.67955801104972,17.679558008708188
1946-12-01,18.13186813186813,18.13186812956431
1947-01-01,18.13186813186813,18.13186812971601
1947-02-01,18.78453038674033,18.78453038443279
1947-03-01,19.67213114754096,19.672131144917756
1947-04-01,19.02173913043479,19.021739128067594
1947-05-01,18.37837837837837,18.378378376220827
1947-06-01,17.647058823529417,17.6470588215169
1947-07-01,12.12121212121211,12.12121212129918
1947-08-01,11.386138613861396,11.386138614061919
1947-09-01,12.745098039215684,12.745098038693948
1947-10-01,10.576923076923084,10.576923077097085
1947-11-01,8.450704225352123,8.450704226180612
1947-12-01,8.837209302325565,8.837209302824187
1948-01-01,10.232558139534875,10.232558139305565
1948-02-01,9.302325581395344,9.302325581355133
1948-03-01,6.849315068493156,6.849315069284431
1948-04-01,8.675799086757996,8.675799086618202
1948-05-01,9.1324200913242,9.13242009085104
1948-06-01,9.545454545454549,9.545454544630202
1948-07-01,9.909909909909898,9.909909908741675
1948-08-01,8.888888888888879,8.888888887908367
1948-09-01,6.521739130434789,6.521739130187865
1948-10-01,6.0869565217391175,6.086956521416514
1948-11-01,4.761904761904745,4.761904761884001
1948-12-01,2.991452991453003,2.991452991891386
1949-01-01,1.265822784810133,1.265822785708195
1949-02-01,1.276595744680864,1.2765957453542014
1949-03-01,1.7094017094017255,1.7094017096892484
1949-04-01,0.4201680672268892,0.4201680678462716
1949-05-01,-0.4184100418409997,-0.4184100410593409
1949-06-01,-0.8298755186722073,-0.8298755178915237
1949-07-01,-2.868852459016391,-2.8688524575291936
1949-08-01,-2.857142857142858,-2.8571428557684326
1949-09-01,-2.448979591836742,-2.4489795906975376
1949-10-01,-2.868852459016391,-2.868852457729172
1949-11-01,-1.6528925619834656,-1.6528925612128458
1949-12-01,-2.0746887966805017,-2.07468879571236
1950-01-01,-2.083333333333337,-2.0833333323229564
1950-02-01,-1.260504201680679,-1.2605042009316878
1950-03-01,-0.8403361344537785,-0.8403361337862172
1950-04-01,-1.2552301255229992,-1.2552301245676545
1950-05-01,-0.4201680672269003,-0.42016806649691696
1950-06-01,-0.4184100418409997,-0.4184100409372613
1950-07-01,1.6877637130801704,1.687763713287458
1950-08-01,2.1008403361344463,2.1008403363591572
1950-09-01,2.092050209205021,2.092050209625881
1950-10-01,3.797468354430378,3.7974683543291574
1950-11-01,3.7815126050420034,3.781512605153667
1950-12-01,5.932203389830493,5.93220338924087
1951-01-01,8.085106382978724,8.085106381694711
1951-02-01,9.361702127659566,9.361702125993327
1951-03-01,9.322033898305085,9.322033896757386
1951-04-01,9.322033898305085,9.322033896822099
1951-05-01,9.282700421940929,9.282700420512969
1951-06-01,8.823529411764696,8.823529410520825
1951-07-01,7.468879668049788,7.468879667321481
1951-08-01,6.584362139917688,6.584362139496753
1951-09-01,6.9672131147541005,6.9672131140983495
1951-10-01,6.5040650406503975,6.504065040109279
1951-11-01,6.882591093117396,6.8825910923129925
1951-12-01,6.000000000000005,5.999999999443838
1952-01-01,4.330708661417337,4.330708661400482
1952-02-01,2.3346303501945664,2.334630350859224
1952-03-01,1.9379844961240345,1.9379844968320548
1952-04-01,2.325581395348819,2.325581395790854
1952-05-01,1.9305019305019264,1.9305019310090263
1952-06-01,2.316602316602312,2.3166023168593175
1952-07-01,3.088803088803082,3.08880308866605
1952-08-01,3.088803088803082,3.0888030885830258
1952-09-01,2.298850574712641,2.298850574732401
1952-10-01,1.9083969465648831,1.9083969466568362
1952-11-01,1.1363636363636465,1.1363636366985426
1952-12-01,0.7547169811320753,0.7547169815470331
1953-01-01,0.3773584905660376,0.37735849107749125
1953-02-01,0.7604562737642651,0.7604562740703902
1953-03-01,1.1406844106463865,1.1406844107513905
1953-04-01,0.7575757575757791,0.757575757802502
1953-05-01,1.1363636363636465,1.1363636363998426
1953-06-01,1.132075471698113,1.132075471702967
1953-07-01,0.3745318352059934,0.37453183549506064
1953-08-01,0.7490636704119868,0.749063670516011
1953-09-01,0.7490636704119868,0.7490636705063076
1953-10-01,1.1235955056179805,1.1235955055342217
1953-11-01,0.7490636704119868,0.7490636704626952
1953-12-01,0.7490636704119868,0.7490636704388298
1954-01-01,1.1278195488721776,1.1278195487292595
1954-02-01,1.5094339622641506,1.5094339619427097
1954-03-01,1.1278195488721776,1.1278195486773883
1954-04-01,0.7518796992481258,0.7518796991730392
1954-05-01,0.7490636704119868,0.7490636703003992
1954-06-01,0.3731343283581934,0.3731343283690179
1954-07-01,0.3731343283581934,0.37313432832929877
1954-08-01,0.0,8.970479914438556e-11
1954-09-01,-0.3717472118959009,-0.37174721169396296
1954-10-01,-0.7407407407407418,-0.7407407404122668
1954-11-01,-0.3717472118959009,-0.37174721174536046
1954-12-01,-0.743494423791824,-0.7434944235014139
1955-01-01,-0.743494423791824,-0.7434944235170132
1955-02-01,-0.743494423791824,-0.7434944235209637
1955-03-01,-0.743494423791824,-0.7434944235130653
1955-04-01,-0.3731343283582156,-0.37313432822432546
1955-05-01,-0.743494423791824,-0.7434944234889838
1955-06-01,-0.743494423791824,-0.743494423468346
1955-07-01,-0.3717472118959009,-0.3717472116980039
1955-08-01,-0.3717472118959009,-0.3717472116554391
1955-09-01,0.3731343283581934,0.3731343283297046
1955-10-01,0.3731343283581934,0.373134328376658
1955-11-01,0.3731343283581934,0.37313432841691485
1955-12-01,0.3745318352059934,0.37453183531097956
1956-01-01,0.3745318352059934,0.37453183536118
1956-02-01,0.3745318352059934,0.37453183541297985
1956-03-01,0.3745318352059934,0.3745318354713121
1956-04-01,0.7490636704119868,0.7490636705838187
1956-05-01,1.1235955056179805,1.1235955057069085
1956-06-01,1.8726591760299671,1.8726591758828297
1956-07-01,2.238805970149249,2.2388059699178537
1956-08-01,1.865671641791056,1.8656716417732484
1956-09-01,1.8587360594795488,1.8587360595249356
1956-10-01,2.230483271375472,2.230483271327593
1956-11-01,2.230483271375472,2.230483271395205
1956-12-01,2.9850746268656803,2.985074626628163
1957-01-01,2.9850746268656803,2.98507462668626
1957-02-01,3.3582089552238736,3.3582089549365564
1957-03-01,3.731343283582089,3.731343283183972
1957-04-01,3.7174721189590976,3.7174721186014152
1957-05-01,3.703703703703698,3.7037037033706506
1957-06-01,3.308823529411775,3.3088235292552857
1957-07-01,3.284671532846728,3.2846715327130345
1957-08-01,3.663003663003672,3.663003662721346
1957-09-01,3.284671532846728,3.2846715327185976
1957-10-01,2.9090909090909056,2.909090909113153
1957-11-01,3.272727272727272,3.2727272725865957
1957-12-01,2.898550724637672,2.898550724652607
1958-01-01,3.6231884057970953,3.623188405491817
1958-02-01,3.249097472924189,3.249097472763414
1958-03-01,3.597122302158273,3.597122301825825
1958-04-01,3.584229390680993,3.584229390326928
1958-05-01,3.214285714285703,3.2142857140442227
1958-06-01,2.8469750889679624,2.8469750888316465
1958-07-01,2.473498233215543,2.473498233183471
1958-08-01,2.1201413427561766,2.1201413428203573
1958-09-01,2.1201413427561766,2.1201413427708498
1958-10-01,2.1201413427561766,2.12014134272517
1958-11-01,2.1126760563380254,2.112676056260073
1958-12-01,1.760563380281699,1.760563380298886
1959-01-01,1.3986013986013957,1.3986013987194317
1959-02-01,1.0489510489510412,1.0489510491644571
1959-03-01,0.3472222222222099,0.3472222226867284
1959-04-01,0.34602076124568,0.34602076167756896
1959-05-01,0.34602076124568,0.34602076166446055
1959-06-01,0.6920415224913601,0.6920415227553258
1959-07-01,0.6896551724137945,0.6896551726777563
1959-08-01,1.038062283737018,1.0380622838584803
1959-09-01,1.384083044982698,1.3840830449740464
1959-10-01,1.730103806228378,1.7301038060808547
1959-11-01,1.379310344827589,1.3793103448372526
1959-12-01,1.730103806228378,1.7301038060868623
1960-01-01,1.0344827586207028,1.0344827587789054
1960-02-01,1.730103806228378,1.7301038060983491
1960-03-01,1.730103806228378,1.7301038061090388
1960-04-01,1.724137931034475,1.7241379309139244
1960-05-01,1.724137931034475,1.7241379309129157
1960-06-01,1.718213058419238,1.7182130582930832
1960-07-01,1.3698630136986356,1.3698630137107317
1960-08-01,1.3698630136986356,1.3698630136966354
1960-09-01,1.0238907849829282,1.023890785119687
1960-10-01,1.3605442176870763,1.3605442176758733
1960-11-01,1.3605442176870763,1.360544217670912
1960-12-01,1.3605442176870763,1.3605442176655784
1961-01-01,1.7064846416382284,1.7064846414634722
1961-02-01,1.3605442176870763,1.3605442176485836
1961-03-01,1.3605442176870763,1.3605442176310019
1961-04-01,1.016949152542379,1.0169491526195213
1961-05-01,1.016949152542379,1.0169491526004177
1961-06-01,0.6756756756756799,0.6756756758724092
1961-07-01,1.3513513513513375,1.351351351256005
1961-08-01,1.0135135135135087,1.0135135135621192
1961-09-01,1.3513513513513375,1.351351351243989
1961-10-01,0.6711409395973034,0.6711409397679954
1961-11-01,0.6711409395973034,0.6711409397585285
1961-12-01,0.6711409395973034,0.67114093976038
1962-01-01,0.6711409395973034,0.6711409397658469
1962-02-01,1.0067114093959662,1.0067114094303695
1962-03-01,1.0067114093959662,1.006711409442205
1962-04-01,1.342281879194629,1.3422818791092856
1962-05-01,1.342281879194629,1.3422818791209665
1962-06-01,1.342281879194629,1.342281879121717
1962-07-01,1.0000000000000009,1.000000000075926
1962-08-01,1.3377926421404671,1.3377926420807489
1962-09-01,1.3333333333333195,1.333333333284223
1962-10-01,1.3333333333333195,1.3333333332858912
1962-11-01,1.3333333333333195,1.3333333332884132
1962-12-01,1.3333333333333195,1.3333333332918338
1963-01-01,1.3333333333333195,1.3333333332888067
1963-02-01,0.9966777408637828,0.9966777409625854
1963-03-01,1.3289036544850363,1.3289036544439732
1963-04-01,0.9933774834437026,0.9933774835446425
1963-05-01,0.9933774834437026,0.993377483545813
1963-06-01,1.324503311258285,1.3245033112303002
1963-07-01,1.320132013201314,1.320132013183928
1963-08-01,1.320132013201314,1.3201320131828618
1963-09-01,0.9868421052631636,0.9868421053889607
1963-10-01,1.3157894736842255,1.3157894736765916
1963-11-01,1.3157894736842255,1.3157894736886253
1963-12-01,1.6447368421052655,1.6447368419778061
1964-01-01,1.6447368421052655,1.6447368419851034
1964-02-01,1.6447368421052655,1.6447368419824524
1964-03-01,1.3114754098360717,1.3114754098499228
1964-04-01,1.3114754098360717,1.3114754098467822
1964-05-01,1.3114754098360717,1.3114754098476893
1964-06-01,1.3071895424836557,1.3071895424979478
1964-07-01,1.3029315960912058,1.302931596103047
1964-08-01,0.9771986970684045,0.9771986972190012
1964-09-01,1.3029315960912058,1.3029315961048367
1964-10-01,0.9740259740259828,0.9740259741880618
1964-11-01,1.298701298701288,1.2987012987317939
1964-12-01,0.9708737864077666,0.9708737865877122
1965-01-01,0.9708737864077666,0.9708737865963258
1965-02-01,0.9708737864077666,0.9708737866167081
1965-03-01,1.2944983818770297,1.2944983819769726
1965-04-01,1.6181229773462702,1.6181229773380066
1965-05-01,1.6181229773462702,1.6181229773678867
1965-06-01,1.935483870967736,1.935483870879537
1965-07-01,1.6077170418006492,1.6077170418800215
1965-08-01,1.935483870967736,1.935483870932302
1965-09-01,1.6077170418006492,1.6077170419366134
1965-10-01,1.9292604501607744,1.9292604501873267
1965-11-01,1.6025641025640969,1.6025641027633837
1965-12-01,1.9230769230769384,1.9230769231721732
1966-01-01,1.9230769230769384,1.9230769232175806
1966-02-01,2.564102564102577,2.5641025640149504
1966-03-01,2.5559105431310014,2.555910543091812
1966-04-01,2.8662420382165488,2.866242038085759
1966-05-01,2.8662420382165488,2.8662420381195233
1966-06-01,2.5316455696202445,2.5316455696918365
1966-07-01,2.848101265822778,2.8481012657986207
1966-08-01,3.4810126582278444,3.4810126579755023
1966-09-01,3.4810126582278444,3.481012658005193
1966-10-01,3.785488958990535,3.7854889586601974
1966-11-01,3.785488958990535,3.7854889586732554
1966-12-01,3.459119496855334,3.4591194966815877
1967-01-01,3.459119496855334,3.459119496678236
1967-02-01,2.812499999999996,2.8125000000927196
1967-03-01,2.8037383177569986,2.8037383178455815
1967-04-01,2.4767801857585203,2.4767801859893503
1967-05-01,2.786377708978338,2.7863777090854915
1967-06-01,2.777777777777768,2.7777777779029864
1967-07-01,2.7692307692307683,2.7692307693671654
1967-08-01,2.4464831804281277,2.4464831807188645
1967-09-01,2.752293577981657,2.752293578164473
1967-10-01,2.4316109422492627,2.4316109425975068
1967-11-01,2.7355623100303816,2.7355623102840427
1967-12-01,3.039513677811545,3.0395136779871295
1968-01-01,3.647416413373872,3.64741641334642
1968-02-01,3.951367781155035,3.95136778105054
1968-03-01,3.939393939393932,3.939393939338368
1968-04-01,3.92749244712991,3.9274924471205837
1968-05-01,3.915662650602392,3.915662650642887
1968-06-01,4.2042042042042205,4.204204204172408
1968-07-01,4.491017964071853,4.491017963967298
1968-08-01,4.477611940298498,4.477611940239858
1968-09-01,4.464285714285721,4.4642857142732755
1968-10-01,4.7477744807121525,4.747774480622838
1968-11-01,4.7337278106508895,4.733727810609662
1968-12-01,4.71976401179941,4.719764011796335
1969-01-01,4.398826979472137,4.398826979637489
1969-02-01,4.678362573099393,4.67836257318892
1969-03-01,5.247813411078739,5.247813410978857
1969-04-01,5.523255813953476,5.523255813780418
1969-05-01,5.507246376811592,5.507246376678643
1969-06-01,5.475504322766556,5.475504322675606
1969-07-01,5.4441260744985565,5.44412607445229
1969-08-01,5.714285714285716,5.7142857141558805
1969-09-01,5.698005698005693,5.698005697907209
1969-10-01,5.665722379603411,5.665722379538198
1969-11-01,5.932203389830515,5.932203389675432
1969-12-01,6.197183098591563,6.197183098343614
1970-01-01,6.179775280898858,6.179775280668699
1970-02-01,6.145251396648055,6.145251396430347
1970-03-01,5.817174515235468,5.817174515152653
1970-04-01,6.060606060606077,6.0606060604153145
1970-05-01,6.043956043956045,6.043956043765168
1970-06-01,6.010928961748618,6.010928961557528
1970-07-01,5.978260869565233,5.978260869362188
1970-08-01,5.405405405405395,5.405405405415764
1970-09-01,5.660377358490565,5.660377358365413
1970-10-01,5.630026809651478,5.630026809513438
1970-11-01,5.600000000000005,5.59999999984043
1970-12-01,5.570291777188308,5.570291777003296
1971-01-01,5.291005291005302,5.291005290894565
1971-02-01,5.000000000000004,4.999999999965827
1971-03-01,4.712041884816753,4.7120418848519625
1971-04-01,4.155844155844157,4.155844156065313
1971-05-01,4.404145077720201,4.4041450777990026
1971-06-01,4.6391752577319645,4.639175257675783
1971-07-01,4.358974358974366,4.358974358998954
1971-08-01,4.615384615384599,4.615384615259726
1971-09-01,4.081632653061207,4.0816326531219485
1971-10-01,3.8071065989847774,3.8071065991140096
1971-11-01,3.282828282828265,3.282828283141594
1971-12-01,3.266331658291466,3.266331658581592
1972-01-01,3.266331658291466,3.266331658565435
1972-02-01,3.50877192982455,3.5087719299846327
1972-03-01,3.499999999999992,3.5000000001582694
1972-04-01,3.4912718204488824,3.4912718206077584
1972-05-01,3.2258064516129226,3.2258064518801053
1972-06-01,2.7093596059113434,2.7093596064029364
1972-07-01,2.9484029484029284,2.9484029488150325
1972-08-01,2.941176470588247,2.9411764710409365
1972-09-01,3.1862745098039325,3.1862745101987056
1972-10-01,3.4229828850855792,3.4229828854423596
1972-11-01,3.667481662591676,3.6674816629104483
1972-12-01,3.406326034063256,3.4063260345659954
1973-01-01,3.649635036496357,3.649635036981021
1973-02-01,3.874092009685226,3.8740920101819776
1973-03-01,4.589371980676327,4.589371980989716
1973-04-01,5.060240963855422,5.060240964098446
1973-05-01,5.528846153846145,5.528846154025965
1973-06-01,5.995203836930463,5.99520383703969
1973-07-01,5.727923627684972,5.727923628051922
1973-08-01,7.380952380952377,7.380952380772595
1973-09-01,7.3634204275534465,7.3634204275339865
1973-10-01,7.801418439716312,7.801418439647131
1973-11-01,8.25471698113207,8.254716981014996
1973-12-01,8.705882352941185,8.705882352773289
1974-01-01,9.38967136150235,9.38967136118337
1974-02-01,10.023310023310028,10.023310022855867
1974-03-01,10.39260969976905,10.392609699267295
1974-04-01,10.09174311926606,10.091743118988278
1974-05-01,10.70615034168565,10.706150341236542
1974-06-01,10.859728506787311,10.85972850636446
1974-07-01,11.51241534988714,11.512415349246053
1974-08-01,10.864745011086471,10.864745010769775
1974-09-01,11.94690265486724,11.946902654130971
1974-10-01,12.06140350877194,12.061403508015552
1974-11-01,12.200435729847502,12.200435729029875
1974-12-01,12.337662337662335,12.337662336765385
1975-01-01,11.802575107296144,11.802575106578804
1975-02-01,11.228813559322038,11.22881355877078
1975-03-01,10.251046025104603,10.251046024885081
1975-04-01,10.20833333333333,10.208333333039894
1975-05-01,9.4650205761317,9.465020576055526
1975-06-01,9.387755102040815,9.387755101903473
1975-07-01,9.716599190283404,9.716599189909424
1975-08-01,8.599999999999985,8.599999999980326
1975-09-01,7.905138339920947,7.905138340068492
1975-10-01,7.4363992172211235,7.436399217460715
1975-11-01,7.37864077669903,7.37864077686161
1975-12-01,6.936416184971095,6.936416185223532
1976-01-01,6.717850287907878,6.717850288156682
1976-02-01,6.285714285714272,6.285714286058122
1976-03-01,6.072106261859567,6.072106262214421
1976-04-01,6.0491493383743045,6.04914933867615
1976-05-01,6.203007518796988,6.20300751898033
1976-06-01,5.970149253731338,5.9701492539545375
1976-07-01,5.350553505535061,5.350553505970947
1976-08-01,5.7090239410681365,5.709023941318488
1976-09-01,5.494505494505497,5.494505494827764
1976-10-01,5.464480874316946,5.464480874628283
1976-11-01,4.88245931283906,4.882459313381956
1976-12-01,4.86486486486486,4.864864865414321
1977-01-01,5.215827338129486,5.215827338554588
1977-02-01,5.913978494623673,5.913978494788676
1977-03-01,6.440071556350624,6.440071556335171
1977-04-01,6.951871657754016,6.951871657555594
1977-05-01,6.725663716814156,6.725663716739947
1977-06-01,6.866197183098599,6.8661971829917885
1977-07-01,6.8301225919439545,6.830122591880512
1977-08-01,6.620209059233462,6.620209059283408
1977-09-01,6.59722222222221,6.597222222304963
1977-10-01,6.390328151986191,6.390328152187267
1977-11-01,6.72413793103448,6.72413793112961
1977-12-01,6.70103092783505,6.701030927983292
1978-01-01,6.837606837606836,6.83760683773523
1978-02-01,6.429780033840937,6.429780034186207
1978-03-01,6.554621848739495,6.554621849081448
1978-04-01,6.499999999999995,6.500000000430791
1978-05-01,6.965174129353247,6.965174129664581
1978-06-01,7.413509060955525,7.413509061165958
1978-07-01,7.7049180327869,7.704918032961394
1978-08-01,7.843137254901955,7.843137255109279
1978-09-01,8.306188925081436,8.306188925197405
1978-10-01,8.92857142857142,8.92857142853151
1978-11-01,8.8852988691438,8.885298869223304
1978-12-01,9.017713365539448,9.017713365661972
1979-01-01,9.28,9.2800000001232
1979-02-01,9.85691573926868,9.856915739261886
1979-03-01,10.094637223974768,10.094637223980634
1979-04-01,10.485133020344284,10.485133020297518
1979-05-01,10.852713178294572,10.852713178202439
1979-06-01,10.889570552147232,10.889570552144642
1979-07-01,11.263318112633169,11.263318112580334
1979-08-01,11.818181818181817,11.818181818007021
1979-09-01,12.180451127819536,12.180451127590388
1979-10-01,12.071535022354718,12.071535022260651
1979-11-01,12.611275964391687,12.611275964159159
1979-12-01,13.293943870014768,13.293943869584792
1980-01-01,13.90922401171304,13.909224011094967
1980-02-01,14.1823444283647,14.182344427688026
1980-03-01,14.756446991404015,14.756446990523072
1980-04-01,14.730878186968855,14.730878186111491
1980-05-01,14.40559440559439,14.405594404867376
1980-06-01,14.384508990318135,14.384508989565738
1980-07-01,13.132694938440515,13.132694938163173
1980-08-01,12.872628726287273,12.872628726052898
1980-09-01,12.600536193029498,12.600536192851456
1980-10-01,12.765957446808509,12.765957446491832
1980-11-01,12.648221343873512,12.648221343532107
1980-12-01,12.51629726205996,12.516297261682727
1981-01-01,11.82519280205656,11.825192801872852
1981-02-01,11.406844106463886,11.406844106348027
1981-03-01,10.486891385767796,10.486891385930715
1981-04-01,9.999999999999986,10.000000000261181
1981-05-01,9.7799511002445,9.779951100494458
1981-06-01,9.552599758162028,9.552599758421477
1981-07-01,10.761789600967342,10.761789600635966
1981-08-01,10.80432172869148,10.804321728259795
1981-09-01,10.952380952380958,10.952380951773923
1981-10-01,10.14150943396228,10.141509433573766
1981-11-01,9.590643274853791,9.590643274560458
1981-12-01,8.92236384704519,8.92236384689817
1982-01-01,8.390804597701141,8.390804597636912
1982-02-01,7.622298065984068,7.6222980660960955
1982-03-01,6.779661016949157,6.779661017268105
1982-04-01,6.509539842873191,6.509539843170214
1982-05-01,6.681514476614692,6.681514476723433
1982-06-01,7.064017660044164,7.064017659873589
1982-07-01,6.4410480349345045,6.441048034898734
1982-08-01,5.850487540628402,5.850487540701322
1982-09-01,5.04291845493563,5.0429184552253545
1982-10-01,5.139186295503206,5.139186295638577
1982-11-01,4.589114194236932,4.589114194491612
1982-12-01,3.829787234042548,3.8297872345052926
1983-01-01,3.711558854718988,3.7115588551346934
1983-02-01,3.488372093023262,3.4883720934519684
1983-03-01,3.5978835978836,3.597883598199323
1983-04-01,3.898840885142252,3.8988408852768757
1983-05-01,3.549060542797511,3.549060543017358
1983-06-01,2.577319587628857,2.577319588197965
1983-07-01,2.4615384615384706,2.4615384621166334
1983-08-01,2.558853633572156,2.5588536340967027
1983-09-01,2.860061287027582,2.860061287418634
1983-10-01,2.851323828920571,2.851323829317672
1983-11-01,3.2653061224489743,3.2653061226847626
1983-12-01,3.7909836065573854,3.790983606594937
1984-01-01,4.192229038854811,4.192229038746841
1984-02-01,4.596527068437184,4.596527068180684
1984-03-01,4.80081716036771,4.80081716003925
1984-04-01,4.563894523326573,4.563894523098704
1984-05-01,4.233870967741948,4.233870967648366
1984-06-01,4.221105527638192,4.221105527545868
1984-07-01,4.204204204204198,4.204204204115394
1984-08-01,4.291417165668654,4.291417165534727
1984-09-01,4.270109235352537,4.270109235216534
1984-10-01,4.257425742574261,4.257425742426541
1984-11-01,4.051383399209474,4.0513833991298105
1984-12-01,3.948667324777877,3.948667324716112
1985-01-01,3.5328753680078373,3.5328753680949045
1985-02-01,3.515625,3.5156250000718665
1985-03-01,3.70370370370372,3.7037037036784684
1985-04-01,3.6857419980601542,3.685741998022498
1985-05-01,3.771760154738879,3.7717601546428563
1985-06-01,3.760848601735778,3.7608486016202876
1985-07-01,3.5542747358309423,3.5542747357735243
1985-08-01,3.349282296650724,3.349282296646722
1985-09-01,3.142857142857136,3.142857142907881
1985-10-01,3.228869895536568,3.228869895521945
1985-11-01,3.5137701804368597,3.5137701802763566
1985-12-01,3.798670465337128,3.7986704650306216
1986-01-01,3.8862559241706007,3.886255923788367
1986-02-01,3.113207547169816,3.1132075470587046
1986-03-01,2.2556390977443552,2.255639097931713
1986-04-01,1.5902712815715423,1.590271281987865
1986-05-01,1.491146318732528,1.4911463191587329
1986-06-01,1.7657992565055736,1.7657992567945515
1986-07-01,1.576994434137302,1.5769944344876907
1986-08-01,1.5740740740740833,1.5740740744171675
1986-09-01,1.7543859649122862,1.754385965182623
1986-10-01,1.4719411223550916,1.471941122753608
1986-11-01,1.2844036697247765,1.2844036702157755
1986-12-01,1.097895699908502,1.0978957005081367
1987-01-01,1.4598540145985384,1.4598540150925896
1987-02-01,2.104300091491296,2.104300091779764
1987-03-01,3.0330882352941124,3.0330882352673774
1987-04-01,3.7753222836095945,3.7753222833430105
1987-05-01,3.85674931129476,3.8567493110503053
1987-06-01,3.65296803652968,3.652968036420258
1987-07-01,3.926940639269394,3.926940639098385
1987-08-01,4.284412032816776,4.284412032547157
1987-09-01,4.355716878402904,4.355716878145741
1987-10-01,4.533091568449676,4.533091568151764
1987-11-01,4.528985507246386,4.528985506979292
1987-12-01,4.4343891402715,4.434389140061516
1988-01-01,4.046762589928066,4.0467625898932065
1988-02-01,3.942652329749108,3.9426523297698277
1988-03-01,3.925066904549523,3.925066904593048
1988-04-01,3.904170363797688,3.904170363864294
1988-05-01,3.89036251105217,3.8903625111396187
1988-06-01,3.96475770925111,3.9647577093268653
1988-07-01,4.130052724077338,4.1300527241029785
1988-08-01,4.020979020979021,4.02097902107122
1988-09-01,4.17391304347825,4.173913043528461
1988-10-01,4.249783174327848,4.24978317437085
1988-11-01,4.246100519930662,4.246100519999111
1988-12-01,4.419410745233954,4.419410745256571
1989-01-01,4.667242869490051,4.667242869437187
1989-02-01,4.827586206896539,4.827586206802266
1989-03-01,4.978540772532192,4.978540772396526
1989-04-01,5.123825789923142,5.123825789748689
1989-05-01,5.361702127659562,5.361702127401645
1989-06-01,5.16949152542372,5.169491525256312
1989-07-01,4.978902953586495,4.978902953502229
1989-08-01,4.705882352941182,4.705882352971205
1989-09-01,4.340567612687818,4.340567612873298
1989-10-01,4.492512479201327,4.492512479331842
1989-11-01,4.655029093931851,4.655029094004633
1989-12-01,4.647302904564321,4.647302904654426
1990-01-01,5.202312138728327,5.202312138601209
1990-02-01,5.263157894736836,5.263157894602038
1990-03-01,5.233033524121011,5.233033524004098
1990-04-01,4.711616571892785,4.711616571994828
1990-05-01,4.3618739903069415,4.3618739905610155
1990-06-01,4.673650282030639,4.673650282165907
1990-07-01,4.8231511254019255,4.823151125495319
1990-08-01,5.617977528089879,5.617977527870473
1990-09-01,6.159999999999988,6.159999999569892
1990-10-01,6.289808917197459,6.289808916712818
1990-11-01,6.27482128673551,6.2748212862450305
1990-12-01,6.10626486915149,6.106264868706943
1991-01-01,5.651491365777073,5.651491365487406
1991-02-01,5.312500000000009,5.312499999805631
1991-03-01,4.895104895104896,4.895104895036651
1991-04-01,4.8875096974398735,4.8875096973259
1991-05-01,4.953560371517041,4.953560371324255
1991-06-01,4.695919938414161,4.695919938272726
1991-07-01,4.447852760736182,4.447852760633288
1991-08-01,3.7993920972644313,3.799392097367908
1991-09-01,3.3911077618688834,3.3911077620759973
1991-10-01,2.921348314606753,2.9213483149548005
1991-11-01,2.9895366218236186,2.9895366220987745
1991-12-01,3.064275037369213,3.064275037571483
1992-01-01,2.600297176820199,2.6002971771782724
1992-02-01,2.818991097922829,2.8189910981620017
1992-03-01,3.185185185185202,3.1851851852562625
1992-04-01,3.1804733727810675,3.180473372835271
1992-05-01,3.023598820059004,3.0235988201595942
1992-06-01,3.088235294117636,3.088235294177561
1992-07-01,3.1571218795888534,3.1571218796107923
1992-08-01,3.1478770131771583,3.1478770131902123
1992-09-01,2.988338192419837,2.988338192490677
1992-10-01,3.2023289665211063,3.202328966493769
1992-11-01,3.047895500725684,3.04789550075267
1992-12-01,2.9006526468455363,2.900652646925233
1993-01-01,3.258508327299059,3.2585083272242414
1993-02-01,3.2467532467532534,3.2467532466759144
1993-03-01,3.086862885857844,3.0868628858352247
1993-04-01,3.2258064516129004,3.225806451522222
1993-05-01,3.2211882605583497,3.2211882604586437
1993-06-01,2.9957203994293917,2.995720399406421
1993-07-01,2.77580071174377,2.77580071179572
1993-08-01,2.767920511000721,2.767920511040871
1993-09-01,2.689313517338987,2.689313517400193
1993-10-01,2.7503526093088704,2.7503526093313653
1993-11-01,2.676056338028188,2.6760563380724496
1993-12-01,2.748414376321362,2.7484143763233932
1994-01-01,2.524544179523147,2.5245441796092107
1994-02-01,2.515723270440251,2.51572327052181
1994-03-01,2.506963788300842,2.5069637883816496
1994-04-01,2.361111111111125,2.3611111112476424
1994-05-01,2.288488210818307,2.2884882109835085
1994-06-01,2.4930747922437657,2.493074792328792
1994-07-01,2.7700831024930705,2.7700831024708563
1994-08-01,2.900552486187835,2.900552486119768
1994-09-01,2.963473466574773,2.9634734664817155
1994-10-01,2.6080988332189525,2.6080988332759647
1994-11-01,2.674897119341546,2.674897119371739
1994-12-01,2.674897119341546,2.674897119379124
1995-01-01,2.804377564979488,2.804377564968402
1995-02-01,2.862985685071595,2.8629856850399933
1995-03-01,2.853260869565233,2.85326086954109
1995-04-01,3.0529172320217013,3.0529172319188618
1995-05-01,3.186440677966096,3.186440677810617
1995-06-01,3.0405405405405483,3.040540540441993
1995-07-01,2.7628032345013542,2.7628032345112246
1995-08-01,2.617449664429538,2.6174496644925447
1995-09-01,2.5435073627844584,2.5435073628784375
1995-10-01,2.809364548494986,2.80936454847695
1995-11-01,2.605210420841697,2.6052104209070697
1995-12-01,2.5384101536406245,2.538410153732166
1996-01-01,2.727877578176985,2.7278775781908347
1996-02-01,2.650762094102044,2.6507620941522805
1996-03-01,2.840158520475544,2.840158520449329
1996-04-01,2.896642527978943,2.896642527934198
1996-05-01,2.890932982917227,2.8909329828740007
1996-06-01,2.754098360655721,2.7540983606710765
1996-07-01,2.9508196721311557,2.950819672063794
1996-08-01,2.877697841726623,2.8776978416909835
1996-09-01,3.0026109660574507,3.0026109659641746
1996-10-01,2.9928432010410067,2.9928432009486756
1996-11-01,3.255208333333326,3.2552083331254456
1996-12-01,3.322475570032579,3.3224755697839057
1997-01-01,3.0440414507771907,3.0440414506258184
1997-02-01,3.034215622982561,3.0342156228110566
1997-03-01,2.761721258831096,2.761721258747854
1997-04-01,2.4952015355086177,2.495201535504091
1997-05-01,2.2349936143039484,2.2349936143788964
1997-06-01,2.2973835354180183,2.2973835354387684
1997-07-01,2.2292993630573354,2.229299363080694
1997-08-01,2.2250476795931284,2.2250476795901886
1997-09-01,2.154626108998725,2.1546261089992425
1997-10-01,2.0846493998736504,2.0846493998754343
1997-11-01,1.828499369482972,1.8284993695649816
1997-12-01,1.7023959646910614,1.7023959648005937
1998-01-01,1.5713387806411072,1.5713387807844985
1998-02-01,1.441102756892243,1.4411027570714654
1998-03-01,1.374999999999993,1.375000000192357
1998-04-01,1.4357053682896526,1.4357053684500858
1998-05-01,1.6864459712679691,1.6864459713206454
1998-06-01,1.6843418590143378,1.6843418590668013
1998-07-01,1.6822429906542036,1.6822429907058811
1998-08-01,1.6169154228855789,1.6169154229650082
1998-09-01,1.488833746898277,1.4888337470339832
1998-10-01,1.4851485148514865,1.4851485149957537
1998-11-01,1.5479876160990669,1.5479876162291706
1998-12-01,1.6119032858028517,1.6119032859220404
1999-01-01,1.6707920792079278,1.6707920793189575
1999-02-01,1.6059295861643008,1.6059295863201437
1999-03-01,1.7262638717632672,1.7262638718971217
1999-04-01,2.2769230769230653,2.276923076857014
1999-05-01,2.088452088452075,2.0884520884918736
1999-06-01,1.9631901840490684,1.963190184164997
1999-07-01,2.1446078431372584,2.144607843207805
1999-08-01,2.2643818849449104,2.2643818850028423
1999-09-01,2.6283618581907087,2.628361858130682
1999-10-01,2.5609756097561,2.5609756097583043
1999-11-01,2.621951219512209,2.621951219519484
1999-12-01,2.684563758389258,2.684563758401282
2000-01-01,2.738892270237381,2.7388922702594174
2000-02-01,3.221884498480243,3.2218844983416006
2000-03-01,3.75757575757576,3.757575757241733
2000-04-01,3.0685920577617543,3.0685920577327686
2000-05-01,3.1889290012033777,3.188929001141103
2000-06-01,3.73044524669075,3.730445246427609
2000-07-01,3.659268146370742,3.659268146149735
2000-08-01,3.411131059245976,3.411131059130524
2000-09-01,3.454437164979152,3.4544371648472256
2000-10-01,3.4482758620689724,3.4482758619403278
2000-11-01,3.446226975638722,3.446226975503254
2000-12-01,3.3868092691621943,3.386809269045707
2001-01-01,3.732227488151652,3.7322274878815334
2001-02-01,3.5335689045936425,3.5335689043834235
2001-03-01,2.9205607476635587,2.9205607476798425
2001-04-01,3.269118505545832,3.269118505394074
2001-05-01,3.6151603498542295,3.6151603495361746
2001-06-01,3.248259860788849,3.2482598605831763
2001-07-01,2.719907407407396,2.719907407375463
2001-08-01,2.719907407407396,2.7199074073346288
2001-09-01,2.648244099021313,2.648244098935847
2001-10-01,2.126436781609198,2.126436781695043
2001-11-01,1.895462377943713,1.8954623780798876
2001-12-01,1.551724137931032,1.551724138169298
2002-01-01,1.142204454597362,1.142204454968818
2002-02-01,1.1376564277588264,1.1376564281075945
2002-03-01,1.4755959137344066,1.4755959139323607
2002-04-01,1.6393442622950838,1.6393442624139976
2002-05-01,1.1817670230725996,1.1817670233700195
2002-06-01,1.0674157303370846,1.0674157306792786
2002-07-01,1.4647887323943731,1.4647887325861688
2002-08-01,1.802816901408444,1.8028169014722573
2002-09-01,1.5143017386427315,1.5143017388434037
2002-10-01,2.025886325267323,2.0258863252722876
2002-11-01,2.19842164599775,2.198421645955775
2002-12-01,2.376910016977929,2.3769100168783868
2003-01-01,2.5974025974025983,2.5974025972307806
2003-02-01,2.9808773903261976,2.9808773900139895
2003-03-01,3.0201342281878985,3.0201342278636356
2003-04-01,2.224694104560632,2.224694104562876
2003-05-01,2.057842046718572,2.0578420467850247
2003-06-01,2.1122846025569686,2.1122846026045345
2003-07-01,2.1099389228206533,2.1099389228709953
2003-08-01,2.158273381294973,2.15827338132946
2003-09-01,2.3204419889502725,2.3204419889207855
2003-10-01,2.0408163265306145,2.040816326618648
2003-11-01,1.7650303364588948,1.7650303366651119
2003-12-01,1.8794914317302516,1.8794914319017653
2004-01-01,1.9262520638414935,1.9262520640096017
2004-02-01,1.6930638995084513,1.6930638997889038
2004-03-01,1.7372421281216075,1.737242128405777
2004-04-01,2.285092491838947,2.2850924919320166
2004-05-01,3.051771117166213,3.0517711169809574
2004-06-01,3.26619488296136,3.2661948827193465
2004-07-01,2.990755845568249,2.990755845461602
2004-08-01,2.654387865655483,2.654387865704488
2004-09-01,2.5377969762419017,2.5377969763651262
2004-10-01,3.189189189189201,3.1891891890735673
2004-11-01,3.523035230352312,3.5230352301263084
2004-12-01,3.255561584373301,3.255561584272982
2005-01-01,2.969762419006483,2.9697624190365888
2005-02-01,3.0075187969925032,3.007518797022762
2005-03-01,3.1483457844183604,3.148345784416295
2005-04-01,3.5106382978723483,3.510638297735757
2005-05-01,2.8027498677948293,2.8027498679622123
2005-06-01,2.530311017395892,2.5303110176879224
2005-07-01,3.167898627243937,3.1678986272932304
2005-08-01,3.641160949868083,3.641160949757764
2005-09-01,4.686677198525535,4.686677198004325
2005-10-01,4.347826086956519,4.347826086583158
2005-11-01,3.4554973821989465,3.4554973821855235
2005-12-01,3.415659485023648,3.4156594850295594
2006-01-01,3.985317252228637,3.985317252002205
2006-02-01,3.59749739311781,3.5974973930466225
2006-03-01,3.3626487325400856,3.3626487325481516
2006-04-01,3.5457348406988665,3.545734840623207
2006-05-01,4.166666666666674,4.166666666324083
2006-06-01,4.318766066838053,4.318766066415063
2006-07-01,4.145342886386905,4.145342886012151
2006-08-01,3.818737270875761,3.818737270592018
2006-09-01,2.062374245472842,2.062374245866036
2006-10-01,1.3052208835341528,1.3052208841999469
2006-11-01,1.9736842105263277,1.9736842109064612
2006-12-01,2.540650406504064,2.5406504066407924
2007-01-01,2.0756429652042385,2.0756429655245494
2007-02-01,2.415198792148976,2.4151987923250884
2007-03-01,2.778778778778768,2.778778778811846
2007-04-01,2.573697270471476,2.5736972705981875
2007-05-01,2.6908641975308623,2.690864197619411
2007-06-01,2.687037949728932,2.687037949835959
2007-07-01,2.358230958230956,2.358230958484486
2007-08-01,1.9700833742030357,1.9700833746381958
2007-09-01,2.755051749630355,2.755051749771211
2007-10-01,3.536174430128836,3.536174429992076
2007-11-01,4.306203473945414,4.306203473517504
2007-12-01,4.081268582755193,4.081268582444134
2008-01-01,4.280294047901356,4.280294047514972
2008-02-01,4.026555413048727,4.026555412774664
2008-03-01,3.981456231251701,3.9814562309884307
2008-04-01,3.936889774827512,3.936889774567332
2008-05-01,4.17554304180352,4.175543041423563
2008-06-01,5.0217900476117405,5.021790046852704
2008-07-01,5.6001229002539565,5.600122899206481
2008-08-01,5.371855115262347,5.371855114236292
2008-09-01,4.936927430572191,4.936927429630031
2008-10-01,3.655186277137501,3.6551862765965204
2008-11-01,1.0695746918073956,1.0695746921961882
2008-12-01,0.0914129006456043,0.09141290130590307
2009-01-01,0.0298465036952855,0.0298465042835208
2009-02-01,0.2361910880378737,0.23619108844610787
2009-03-01,-0.3835562549173832,-0.38355625433726753
2009-04-01,-0.7368857152167174,-0.7368857145684027
2009-05-01,-1.2814357989586078,-1.281435798133044
2009-06-01,-1.4267760436898702,-1.426776042843323
2009-07-01,-2.097161353676058,-2.0971613525564425
2009-08-01,-1.4843486119606064,-1.4843486110871613
2009-09-01,-1.2862059666427397,-1.2862059658129492
2009-10-01,-0.1828482774861251,-0.18284827705395168
2009-11-01,1.8382958691302909,1.8382958688014448
2009-12-01,2.721331126205828,2.7213311255793435
2010-01-01,2.6257086429576137,2.625708642409383
2010-02-01,2.143331778145363,2.1433317778309027
2010-03-01,2.3139594469439477,2.3139594465893203
2010-04-01,2.236447195648084,2.2364471953573486
2010-05-01,2.0209860840939786,2.0209860839011284
2010-06-01,1.053348972845658,1.0533489730663996
2010-07-01,1.2351927783014638,1.2351927784579948
2010-08-01,1.1481045618392027,1.1481045620576675
2010-09-01,1.143682658159273,1.1436826584026967
2010-10-01,1.1721876055269531,1.1721876057866563
2010-11-01,1.1431609115702734,1.1431609118796313
2010-12-01,1.4957235273143077,1.4957235275183842
2011-01-01,1.631846857448771,1.6318468576457683
2011-02-01,2.1075846286581656,2.1075846287089535
2011-03-01,2.6816032642408505,2.6816032641085794
2011-04-01,3.1636308592764677,3.1636308589966426
2011-05-01,3.568645784634561,3.5686457842283534
2011-06-01,3.558828252242341,3.558828251872198
2011-07-01,3.628715982221076,3.6287159818435994
2011-08-01,3.771208179119778,3.7712081787002734
2011-09-01,3.868356841040299,3.868356840583338
2011-10-01,3.5251999213574026,3.5251999210362364
2011-11-01,3.3943775908008567,3.3943775905125704
2011-12-01,2.9624188448710957,2.962418844739028
2012-01-01,2.9252167121508466,2.925216712005157
2012-02-01,2.871098780438208,2.871098780285731
2012-03-01,2.651398193021781,2.6513981929257886
2012-04-01,2.302739811298937,2.3027398113052637
2012-05-01,1.704253774937592,1.7042537751545472
2012-06-01,1.6639937622385137,1.6639937624340206
2012-07-01,1.4084507042253502,1.4084507045002963
2012-08-01,1.692378997550148,1.6923789976832293
2012-09-01,1.9912820806649911,1.9912820806598077
2012-10-01,2.1623435988711304,2.16234359877293
2012-11-01,1.764133846085847,1.764133846130972
2012-12-01,1.741022368747558,1.741022368776059
2013-01-01,1.5948646681225531,1.5948646682003378
2013-02-01,1.9779235097490575,1.9779235096500687
2013-03-01,1.4738962125967705,1.4738962126868564
2013-04-01,1.063085381489448,1.0630853817272432
2013-05-01,1.3619650588516885,1.3619650589552594
2013-06-01,1.7544165453768912,1.7544165453163907
2013-07-01,1.9606816118443948,1.960681611688272
2013-08-01,1.518367559543199,1.5183675595558248
2013-09-01,1.184925261552161,1.1849252616843264
2013-10-01,0.9636127046434018,0.9636127048589637
2013-11-01,1.2370722045339066,1.2370722046336664
2013-12-01,1.501735619618394,1.5017356196118867
2014-01-01,1.5789473684210575,1.5789473683748734
2014-02-01,1.1263492501055294,1.1263492502415808
2014-03-01,1.51220287576308,1.5122028757361023
2014-04-01,1.9528578985167575,1.9528578983105684
2014-05-01,2.1271115499366777,2.127111549651223
2014-06-01,2.0723413731670526,2.072341372889493
2014-07-01,1.9923286357643064,1.9923286354960859
2014-08-01,1.6996113341628316,1.699611333988186
2014-09-01,1.657918675715031,1.6579186755267534
2014-10-01,1.664340215632043,1.66434021540795
2014-11-01,1.3223551823708934,1.3223551822496888
2014-12-01,0.7564932696557447,0.7564932697187414
2015-01-01,-0.0893483130696481,-0.08934831269795973
2015-02-01,-0.0251298018153045,-0.025129801504569865
2015-03-01,-0.0736373908664322,-0.07363739055807084
2015-04-01,-0.1995174461766891,-0.19951744583552353
2015-05-01,-0.0399327448507791,-0.03993274458610724
2015-06-01,0.1237712036854521,0.12377120388091242
2015-07-01,0.1695697796432194,0.16956977982385238
2015-08-01,0.1950792930057288,0.19507929318042858
2015-09-01,-0.0361297478059685,-0.03612974752347203
2015-10-01,0.1705744357355598,0.17057443595072458
2015-11-01,0.5017975786678841,0.5017975787704668
2015-12-01,0.7295197860415881,0.7295197860836816
2016-01-01,1.3730868138309926,1.3730868136332672
2016-02-01,1.0177997801654737,1.0177997801403953
2016-03-01,0.8525362211427412,0.8525362212082229
2016-04-01,1.125110418894426,1.1251104188749599
2016-05-01,1.019322554193569,1.019322554248903
2016-06-01,0.9973264945230876,0.997326494611583
2016-07-01,0.8271388704987004,0.8271388706876791
2016-08-01,1.0628745027610351,1.062874502887263
2016-09-01,1.4637836474815646,1.4637836474814228
2016-10-01,1.6359875209176034,1.635987520881618
2016-11-01,1.6925371625037933,1.6925371624779202
2016-12-01,2.074622132966919,2.0746221328173284
2017-01-01,2.5000422090529995,2.5000422087631304
2017-02-01,2.737958171489318,2.7379581711245597
2017-03-01,2.3806124334402767,2.3806124332400858
2017-04-01,2.199689878417299,2.1996898783003664
2017-05-01,1.8748777208413612,1.8748777208674061
2017-06-01,1.633487955256463,1.6334879553901474
2017-07-01,1.727978456372492,1.7279784564781344
2017-08-01,1.9389742120581757,1.938974212093865
2017-09-01,2.2329638650032235,2.2329638649291064
2017-10-01,2.041128701976169,2.041128701995555
2017-11-01,2.202582938683184,2.202582938645109
2017-12-01,2.1090824745684245,2.109082474581998
2018-01-01,2.070507620275164,2.07050762031533
2018-02-01,2.2117954212386604,2.211795421233019
2018-03-01,2.3597114039729084,2.3597114039171645
2018-04-01,2.462743943334811,2.4627439432474834
2018-05-01,2.8010117148075557,2.801011714586755
2018-06-01,2.87154783531669,2.8715478350719397
2018-07-01,2.9495150866471143,2.9495150863656447
2018-08-01,2.699180104187437,2.699180103995785
2018-09-01,2.2769721941990007,2.2769721941693284
2018-10-01,2.5224699286070296,2.522469928458512
2018-11-01,2.176601032152403,2.1766010321326874
2018-12-01,1.9101588486313716,1.910158848696994
2019-01-01,1.5512351381991252,1.5512351383930048
2019-02-01,1.520135265933309,1.5201352661261762
2019-03-01,1.8625227405691724,1.8625227406134188
2019-04-01,1.9964397755302563,1.9964397755114214
2019-05-01,1.7902284687663972,1.7902284688208825
2019-06-01,1.6484846560762545,1.648484656181316
2019-07-01,1.8114648063935144,1.811464806426442
2019-08-01,1.7497798894291483,1.7497798894848988
2019-09-01,1.7113045131695204,1.7113045132354991
2019-10-01,1.7640429444213843,1.7640429444637673
2019-11-01,2.05127798189162,2.0512779818141844
2019-12-01,2.2851297401217163,2.2851297399480095
2020-01-01,2.4865719552504606,2.4865719549914878
2020-02-01,2.334873563945949,2.3348735637427867
2020-03-01,1.5393269919198094,1.539326992026492
2020-04-01,0.3290966863368272,0.3290966869285532
2020-05-01,0.117926370210708,0.11792637089316246
2020-06-01,0.6457330475554857,0.6457330480448479
2020-07-01,0.9860818253037084,0.9860818256896373
2020-08-01,1.3096453823307153,1.3096453826251138
2020-09-01,1.3713248610564666,1.3713248613758195
2020-10-01,1.1820661677274913,1.1820661681849092
2020-11-01,1.1745357842679605,1.1745357848030837
2020-12-01,1.3620054947193203,1.3620054952653666
2021-01-01,1.3997697415600865,1.3997697421898068
2021-02-01,1.6762152173745104,1.676215218001778
2021-03-01,2.619762508959189,2.6197625093312564
2021-04-01,4.15969483870211,4.159694838581588
2021-05-01,4.992706537594471,4.992706537272764
2021-06-01,5.391451413321335,5.391451412963387
2021-07-01,5.365475239385398,5.365475239159723
2021-08-01,5.251271554874992,5.2512715548107645
2021-09-01,5.390348855079163,5.390348855075987
2021-10-01,6.221868903328898,6.221868903100024
2021-11-01,6.809002839806477,6.8090028394452
2021-12-01,7.036402865545144,7.036402865186431
2022-01-01,7.479872468289117,7.479872467830841
2022-02-01,7.871063897739283,7.871063897201037
2022-03-01,8.542455554842432,8.54245555408271
2022-04-01,8.258629340882372,8.25862934028236
2022-05-01,8.581511543676523,8.581511542967812
2022-06-01,9.059757964784154,9.05975796388495
2022-07-01,8.52481474562552,8.524814744931332
2022-08-01,8.262692503116241,8.26269250249212
2022-09-01,8.20166964383362,8.201669643185838
2022-10-01,7.7454273308049215,7.745427330279216
2022-11-01,7.110322794191726,7.110322793840969
2022-12-01,6.45440133141082,6.454401331240728
2023-01-01,6.410146968856267,6.4101469686105
2023-02-01,6.035613077866597,6.035613077670164
2023-03-01,4.984974122099173,4.9849741222334405
2023-04-01,4.930320398188925,4.930320398238005
2023-05-01,4.047609272791974,4.047609273101915
2023-06-01,2.969177654558885,2.9691776552133966
2023-07-01,3.177780177942169,3.1777801784297774
2023-08-01,3.665112384399549,3.6651123846251332
2023-09-01,3.69969812134443,3.699698121491172
2023-10-01,3.241144651893202,3.2411446521663385
2023-11-01,3.1372707088417773,3.13727070910621
2023-12-01,3.3521228314302265,3.352122831561123
2024-01-01,3.0908847812280538,3.0908847814269
2024-02-01,3.1531711208615976,3.153171120998522
2024-03-01,3.4773850700380304,3.4773850700100515
2024-04-01,3.357363950119163,3.3573639501119756
2024-05-01,3.2690290569400204,3.2690290569347553
2024-06-01,2.971397107263307,2.9713971073532104
2024-07-01,2.894753198491306,2.894753198582854
2024-08-01,2.5307302964569622,2.530730296674318
2024-09-01,2.440633031069983,2.4406330313029967
2024-10-01,2.597904904914672,2.5979049050691305
2024-11-01,2.7493803960905616,2.7493803961726955
2024-12-01,2.888057219980067,2.8880572199978363
2025-01-01,3.0004831121501097,3.00048311211552
2025-02-01,2.82154895174751,2.8215489517782597
2025-03-01,2.3907252538964974,2.3907252540982777
2025-04-01,2.3112888616734883,2.311288861904886
2025-05-01,2.354896535474671,2.3548965356965583
2025-06-01,2.669213018222316,2.669213018323571
2025-07-01,2.7049023971513986,2.7049023972528023
2025-08-01,2.9161742842984006,2.9161742843279503
2025-09-01,3.0126767755256134,3.012676775533632
2025-10-01,2.846054034779888,2.846054034873778
2025-11-01,2.6794312940341625,2.6794312942152945
2025-12-01,2.713530886580684,2.7135308867761476
2026-01-01,3.056668937437612,3.056668937516663
2026-02-01,2.8690059841786075,2.869005984367743
2026-03-01,3.488444976526428,3.488444976492053
2026-04-01,4.134159268790705,4.13415926853216
2026-05-01,4.466403778113737,4.466403777742679
2026-06-01,3.884404211967096,3.884404211855962
